﻿<?xml version="1.0" encoding="utf-8" ?>
<Defs>
  <!-- FPS -->

  <HediffDef Name="LingFPSHediffBase" Abstract="True">
    <hediffClass>Hediff_AddedPart</hediffClass>
    <defaultLabelColor>(0.65, 0.3, 0.9)</defaultLabelColor>
    <isBad>false</isBad>
    <maxSeverity>1.0</maxSeverity>
    <minSeverity>0.01</minSeverity>
    <initialSeverity>0.02</initialSeverity>
    <labelNoun>body</labelNoun>
    <addedPartProps>
      <solid>true</solid>
    </addedPartProps>
    <spawnThingOnRemoved>LingFPS_Blank</spawnThingOnRemoved>
  </HediffDef>
  <HediffDef Name="LingFPSHediffBlank" ParentName="LingFPSHediffBase" Abstract="True">
    <description>Bionic components installed on the human body,Its efficiency will increase over time.</description>
    <descriptionHyperlinks>
	  <ThingDef>LingFPS_Blank</ThingDef>
	</descriptionHyperlinks>
    <defaultLabelColor>(1, 1, 1)</defaultLabelColor>
    <spawnThingOnRemoved>LingFPS_Blank</spawnThingOnRemoved>
    <comps>
      <li Class="LingGame.ComppLingFPBTaoZhuang">
        <hediffDef>LingFPS_Blank_TaoZhuang</hediffDef>
      </li>
      <li Class="HediffCompProperties_SeverityPerDay">
        <severityPerDay>0.05</severityPerDay>
      </li>
    </comps>
  </HediffDef>
  <HediffDef Name="LingFPSHediffBlood" ParentName="LingFPSHediffBase" Abstract="True">
    <description>The efficiency of bionic components installed on the human body will decrease with the passage of time, but the efficiency will increase with each kill.</description>
    <descriptionHyperlinks>
	  <ThingDef>LingFPS_Blood</ThingDef>
	</descriptionHyperlinks>
    <defaultLabelColor>(1, 0.3, 0.3)</defaultLabelColor>
    <spawnThingOnRemoved>LingFPS_Blood</spawnThingOnRemoved>
    <initialSeverity>0.39</initialSeverity>
    <comps>
      <li Class="LingGame.ComppLingFPBShaRenQiangHua"/>
      <li Class="LingGame.ComppLingFPBTaoZhuang">
        <hediffDef>LingFPS_Blood_TaoZhuang</hediffDef>
      </li>
      <li Class="HediffCompProperties_SeverityPerDay">
        <severityPerDay>-0.02</severityPerDay>
      </li>
    </comps>
  </HediffDef>
  <HediffDef Name="LingFPSHediffTurtle" ParentName="LingFPSHediffBase" Abstract="True">
    <description>A bionic component installed on the human body whose efficiency diminishes over time, but increases its efficiency each time it is attacked.</description>
    <descriptionHyperlinks>
	  <ThingDef>LingFPS_Turtle</ThingDef>
	</descriptionHyperlinks>
    <defaultLabelColor>(0.3,1,0.3)</defaultLabelColor>
    <spawnThingOnRemoved>LingFPS_Turtle</spawnThingOnRemoved>
    <initialSeverity>0.39</initialSeverity>
    <comps>
      <li Class="LingGame.ComppLingFPBAiDaQiangHua"/>
      <li Class="LingGame.ComppLingFPBTaoZhuang">
        <hediffDef>LingFPS_Turtle_TaoZhuang</hediffDef>
      </li>
      <li Class="HediffCompProperties_SeverityPerDay">
        <severityPerDay>-0.02</severityPerDay>
      </li>
    </comps>
  </HediffDef>
  
  
  <ToolCapacityDef>
    <defName>Flame</defName>
  </ToolCapacityDef>
  <ManeuverDef>
    <defName>Flame</defName>
    <requiredCapacity>Flame</requiredCapacity>
    <verb>
      <verbClass>Verb_MeleeAttackDamage</verbClass>
      <meleeDamageDef>Flame</meleeDamageDef>
    </verb>
    <logEntryDef>MeleeAttack</logEntryDef>
    <combatLogRulesHit>Maneuver_Slash_MeleeHit</combatLogRulesHit>
    <combatLogRulesDeflect>Maneuver_Slash_MeleeDeflect</combatLogRulesDeflect>
    <combatLogRulesMiss>Maneuver_Slash_MeleeMiss</combatLogRulesMiss>
    <combatLogRulesDodge>Maneuver_Slash_MeleeDodge</combatLogRulesDodge>
  </ManeuverDef>
  
  <ToolCapacityDef>
    <defName>DrugTouch</defName>
  </ToolCapacityDef>
  <ManeuverDef>
    <defName>DrugTouch</defName>
    <requiredCapacity>DrugTouch</requiredCapacity>
    <verb>
      <verbClass>Verb_MeleeAttackDamage</verbClass>
      <meleeDamageDef>ToxicBite</meleeDamageDef>
    </verb>
    <logEntryDef>MeleeAttack</logEntryDef>
    <combatLogRulesHit>Maneuver_Slash_MeleeHit</combatLogRulesHit>
    <combatLogRulesDeflect>Maneuver_Slash_MeleeDeflect</combatLogRulesDeflect>
    <combatLogRulesMiss>Maneuver_Slash_MeleeMiss</combatLogRulesMiss>
    <combatLogRulesDodge>Maneuver_Slash_MeleeDodge</combatLogRulesDodge>
  </ManeuverDef>
  

<!-- plain white -->

  <HediffDef ParentName="LingFPSHediffBlank">
    <defName>LingFPS_Blank_Brain</defName>
    <label>plain white brain</label>
    <stages>
      <li>
        <label>base</label>
        <minSeverity>0</minSeverity>
        <capMods>
          <li>
            <capacity>Consciousness</capacity>
            <offset>0.2</offset>
          </li>
        </capMods>
      </li>
      <li>
        <label>low</label>
        <minSeverity>0.2</minSeverity>
        <capMods>
          <li>
            <capacity>Consciousness</capacity>
            <offset>0.4</offset>
          </li>
        </capMods>
      </li>
      <li>
        <label>Normal</label>
        <minSeverity>0.4</minSeverity>
        <capMods>
          <li>
            <capacity>Consciousness</capacity>
            <offset>0.8</offset>
          </li>
        </capMods>
      </li>
      <li>
        <label>High</label>
        <minSeverity>1.2</minSeverity>
        <capMods>
          <li>
            <capacity>Consciousness</capacity>
            <offset>1.6</offset>
          </li>
        </capMods>
      </li>
    </stages>
  </HediffDef>
  <HediffDef ParentName="LingFPSHediffBlank">
    <defName>LingFPS_Blank_Eye</defName>
    <label>plain white eye</label>
	<stages>
      <li>
        <label>base</label>
        <minSeverity>0</minSeverity>
        <capMods>
          <li>
            <capacity>Sight</capacity>
            <offset>0.15</offset>
          </li>
        </capMods>
      </li>
      <li>
        <label>low</label>
        <minSeverity>0.2</minSeverity>
        <capMods>
          <li>
            <capacity>Sight</capacity>
            <offset>0.3</offset>
          </li>
        </capMods>
      </li>
      <li>
        <label>Normal</label>
        <minSeverity>0.4</minSeverity>
        <capMods>
          <li>
            <capacity>Sight</capacity>
            <offset>0.6</offset>
          </li>
        </capMods>
      </li>
      <li>
        <label>High</label>
        <minSeverity>0.6</minSeverity>
        <capMods>
          <li>
            <capacity>Sight</capacity>
            <offset>1.2</offset>
          </li>
        </capMods>
      </li>
    </stages>
  </HediffDef>
  <HediffDef ParentName="LingFPSHediffBlank">
    <defName>LingFPS_Blank_Ear</defName>
    <label>plain white ear</label>
	<stages>
      <li>
        <label>base</label>
        <minSeverity>0</minSeverity>
        <capMods>
          <li>
            <capacity>Hearing</capacity>
            <offset>0.1</offset>
          </li>
        </capMods>
      </li>
      <li>
        <label>low</label>
        <minSeverity>0.2</minSeverity>
        <capMods>
          <li>
            <capacity>Hearing</capacity>
            <offset>0.2</offset>
          </li>
        </capMods>
      </li>
      <li>
        <label>Normal</label>
        <minSeverity>0.4</minSeverity>
        <capMods>
          <li>
            <capacity>Hearing</capacity>
            <offset>0.4</offset>
          </li>
        </capMods>
      </li>
      <li>
        <label>High</label>
        <minSeverity>0.6</minSeverity>
        <capMods>
          <li>
            <capacity>Hearing</capacity>
            <offset>0.8</offset>
          </li>
        </capMods>
      </li>
    </stages>
  </HediffDef>
  <HediffDef ParentName="LingFPSHediffBlank">
    <defName>LingFPS_Blank_Nose</defName>
    <label>plain white nose</label>
	<stages>
      <li>
        <label>base</label>
        <minSeverity>0</minSeverity>
        <capMods>
          <li>
            <capacity>Talking</capacity>
            <offset>0.075</offset>
          </li>
          <li>
            <capacity>Breathing</capacity>
            <offset>0.075</offset>
          </li>
        </capMods>
      </li>
      <li>
        <label>low</label>
        <minSeverity>0.2</minSeverity>
        <capMods>
          <li>
            <capacity>Talking</capacity>
            <offset>0.15</offset>
          </li>
          <li>
            <capacity>Breathing</capacity>
            <offset>0.15</offset>
          </li>
        </capMods>
      </li>
      <li>
        <label>Normal</label>
        <minSeverity>0.4</minSeverity>
        <capMods>
          <li>
            <capacity>Talking</capacity>
            <offset>0.3</offset>
          </li>
          <li>
            <capacity>Breathing</capacity>
            <offset>0.3</offset>
          </li>
        </capMods>
      </li>
      <li>
        <label>High</label>
        <minSeverity>0.6</minSeverity>
        <capMods>
          <li>
            <capacity>Talking</capacity>
            <offset>0.6</offset>
          </li>
          <li>
            <capacity>Breathing</capacity>
            <offset>0.6</offset>
          </li>
        </capMods>
      </li>
    </stages>
  </HediffDef>
  <HediffDef ParentName="LingFPSHediffBlank">
    <defName>LingFPS_Blank_Jaw</defName>
    <label>plain white jaw</label>
	<stages>
      <li>
        <label>base</label>
        <minSeverity>0</minSeverity>
        <capMods>
          <li>
            <capacity>Talking</capacity>
            <offset>0.075</offset>
          </li>
          <li>
            <capacity>Eating</capacity>
            <offset>0.075</offset>
          </li>
        </capMods>
      </li>
      <li>
        <label>low</label>
        <minSeverity>0.2</minSeverity>
        <capMods>
          <li>
            <capacity>Talking</capacity>
            <offset>0.15</offset>
          </li>
          <li>
            <capacity>Eating</capacity>
            <offset>0.15</offset>
          </li>
        </capMods>
      </li>
      <li>
        <label>Normal</label>
        <minSeverity>0.4</minSeverity>
        <capMods>
          <li>
            <capacity>Talking</capacity>
            <offset>0.3</offset>
          </li>
          <li>
            <capacity>Eating</capacity>
            <offset>0.3</offset>
          </li>
        </capMods>
      </li>
      <li>
        <label>High</label>
        <minSeverity>0.6</minSeverity>
        <capMods>
          <li>
            <capacity>Talking</capacity>
            <offset>0.6</offset>
          </li>
          <li>
            <capacity>Eating</capacity>
            <offset>0.6</offset>
          </li>
        </capMods>
      </li>
    </stages>
  </HediffDef>
  <HediffDef ParentName="LingFPSHediffBlank">
    <defName>LingFPS_Blank_Spine</defName>
    <label>plain white spine</label>
	<stages>
      <li>
        <label>base</label>
        <minSeverity>0</minSeverity>
        <capMods>
          <li>
            <capacity>Moving</capacity>
            <offset>0.15</offset>
          </li>
          <li>
            <capacity>Manipulation</capacity>
            <offset>0.15</offset>
          </li>
        </capMods>
      </li>
      <li>
        <label>low</label>
        <minSeverity>0.2</minSeverity>
        <capMods>
          <li>
            <capacity>Moving</capacity>
            <offset>0.3</offset>
          </li>
          <li>
            <capacity>Manipulation</capacity>
            <offset>0.3</offset>
          </li>
        </capMods>
      </li>
      <li>
        <label>Normal</label>
        <minSeverity>0.4</minSeverity>
        <capMods>
          <li>
            <capacity>Moving</capacity>
            <offset>0.6</offset>
          </li>
          <li>
            <capacity>Manipulation</capacity>
            <offset>0.6</offset>
          </li>
        </capMods>
      </li>
      <li>
        <label>High</label>
        <minSeverity>0.6</minSeverity>
        <capMods>
          <li>
            <capacity>Moving</capacity>
            <offset>1.2</offset>
          </li>
          <li>
            <capacity>Manipulation</capacity>
            <offset>1.2</offset>
          </li>
        </capMods>
      </li>
    </stages>
  </HediffDef>
  <HediffDef ParentName="LingFPSHediffBlank">
    <defName>LingFPS_Blank_Sternum</defName>
    <label>plain white sternum</label><!--胸骨-->
	<stages>
      <li>
        <label>base</label>
        <minSeverity>0</minSeverity>
        <capMods>
          <li>
            <capacity>Breathing</capacity>
            <offset>0.1</offset>
          </li>
          <li>
            <capacity>Manipulation</capacity>
            <offset>0.1</offset>
          </li>
        </capMods>
      </li>
      <li>
        <label>low</label>
        <minSeverity>0.2</minSeverity>
        <capMods>
          <li>
            <capacity>Breathing</capacity>
            <offset>0.2</offset>
          </li>
          <li>
            <capacity>Manipulation</capacity>
            <offset>0.2</offset>
          </li>
        </capMods>
      </li>
      <li>
        <label>Normal</label>
        <minSeverity>0.4</minSeverity>
        <capMods>
          <li>
            <capacity>Breathing</capacity>
            <offset>0.4</offset>
          </li>
          <li>
            <capacity>Manipulation</capacity>
            <offset>0.4</offset>
          </li>
        </capMods>
      </li>
      <li>
        <label>High</label>
        <minSeverity>0.6</minSeverity>
        <capMods>
          <li>
            <capacity>Breathing</capacity>
            <offset>0.8</offset>
          </li>
          <li>
            <capacity>Manipulation</capacity>
            <offset>0.8</offset>
          </li>
        </capMods>
      </li>
    </stages>
  </HediffDef>
  <HediffDef ParentName="LingFPSHediffBlank">
    <defName>LingFPS_Blank_Clavicle</defName>
    <label>plain white clavicle</label><!--锁骨-->
	<stages>
      <li>
        <label>base</label>
        <minSeverity>0</minSeverity>
        <capMods>
          <li>
            <capacity>Manipulation</capacity>
            <offset>0.1</offset>
          </li>
        </capMods>
      </li>
      <li>
        <label>low</label>
        <minSeverity>0.2</minSeverity>
        <capMods>
          <li>
            <capacity>Manipulation</capacity>
            <offset>0.2</offset>
          </li>
        </capMods>
      </li>
      <li>
        <label>Normal</label>
        <minSeverity>0.4</minSeverity>
        <capMods>
          <li>
            <capacity>Manipulation</capacity>
            <offset>0.4</offset>
          </li>
        </capMods>
      </li>
      <li>
        <label>High</label>
        <minSeverity>0.6</minSeverity>
        <capMods>
          <li>
            <capacity>Manipulation</capacity>
            <offset>0.8</offset>
          </li>
        </capMods>
      </li>
    </stages>
  </HediffDef>
  <HediffDef ParentName="LingFPSHediffBlank">
    <defName>LingFPS_Blank_Pelvis</defName>
    <label>plain white pelvis</label><!--骨盆-->
	<stages>
      <li>
        <label>base</label>
        <minSeverity>0</minSeverity>
        <capMods>
          <li>
            <capacity>Moving</capacity>
            <offset>0.2</offset>
          </li>
        </capMods>
      </li>
      <li>
        <label>low</label>
        <minSeverity>0.2</minSeverity>
        <capMods>
          <li>
            <capacity>Moving</capacity>
            <offset>0.4</offset>
          </li>
        </capMods>
      </li>
      <li>
        <label>Normal</label>
        <minSeverity>0.4</minSeverity>
        <capMods>
          <li>
            <capacity>Moving</capacity>
            <offset>0.8</offset>
          </li>
        </capMods>
      </li>
      <li>
        <label>High</label>
        <minSeverity>0.6</minSeverity>
        <capMods>
          <li>
            <capacity>Moving</capacity>
            <offset>1.6</offset>
          </li>
        </capMods>
      </li>
    </stages>
  </HediffDef>
  <HediffDef ParentName="LingFPSHediffBlank">
    <defName>LingFPS_Blank_Humerus</defName>
    <label>plain white humerus</label><!--肱骨-->
	<stages>
      <li>
        <label>base</label>
        <minSeverity>0</minSeverity>
        <capMods>
          <li>
            <capacity>Manipulation</capacity>
            <offset>0.075</offset>
          </li>
        </capMods>
      </li>
      <li>
        <label>low</label>
        <minSeverity>0.2</minSeverity>
        <capMods>
          <li>
            <capacity>Manipulation</capacity>
            <offset>0.15</offset>
          </li>
        </capMods>
      </li>
      <li>
        <label>Normal</label>
        <minSeverity>0.4</minSeverity>
        <capMods>
          <li>
            <capacity>Manipulation</capacity>
            <offset>0.3</offset>
          </li>
        </capMods>
      </li>
      <li>
        <label>High</label>
        <minSeverity>0.6</minSeverity>
        <capMods>
          <li>
            <capacity>Manipulation</capacity>
            <offset>0.6</offset>
          </li>
        </capMods>
      </li>
    </stages>
  </HediffDef>
  <HediffDef ParentName="LingFPSHediffBlank">
    <defName>LingFPS_Blank_Radius</defName>
    <label>plain white radius</label><!--桡骨-->
	<stages>
      <li>
        <label>base</label>
        <minSeverity>0</minSeverity>
        <capMods>
          <li>
            <capacity>Manipulation</capacity>
            <offset>0.075</offset>
          </li>
        </capMods>
      </li>
      <li>
        <label>low</label>
        <minSeverity>0.2</minSeverity>
        <capMods>
          <li>
            <capacity>Manipulation</capacity>
            <offset>0.15</offset>
          </li>
        </capMods>
      </li>
      <li>
        <label>Normal</label>
        <minSeverity>0.4</minSeverity>
        <capMods>
          <li>
            <capacity>Manipulation</capacity>
            <offset>0.3</offset>
          </li>
        </capMods>
      </li>
      <li>
        <label>High</label>
        <minSeverity>0.6</minSeverity>
        <capMods>
          <li>
            <capacity>Manipulation</capacity>
            <offset>0.6</offset>
          </li>
        </capMods>
      </li>
    </stages>
  </HediffDef>
  <HediffDef ParentName="LingFPSHediffBlank">
    <defName>LingFPS_Blank_Hand</defName>
    <label>plain white hand</label><!--手-->
    <comps>
      <li Class="HediffCompProperties_VerbGiver">
        <tools>
          <li>
            <label>fist</label>
            <capacities>
              <li>Cut</li>
            </capacities>
            <power>18.0</power>
            <cooldownTime>1</cooldownTime>
            <alwaysTreatAsWeapon>true</alwaysTreatAsWeapon>
          </li>
        </tools>
      </li>
    </comps>
	<stages>
      <li>
        <label>base</label>
        <minSeverity>0</minSeverity>
        <capMods>
          <li>
            <capacity>Manipulation</capacity>
            <offset>0.15</offset>
          </li>
        </capMods>
      </li>
      <li>
        <label>low</label>
        <minSeverity>0.2</minSeverity>
        <capMods>
          <li>
            <capacity>Manipulation</capacity>
            <offset>0.3</offset>
          </li>
        </capMods>
      </li>
      <li>
        <label>Normal</label>
        <minSeverity>0.4</minSeverity>
        <capMods>
          <li>
            <capacity>Manipulation</capacity>
            <offset>0.6</offset>
          </li>
        </capMods>
      </li>
      <li>
        <label>High</label>
        <minSeverity>0.6</minSeverity>
        <capMods>
          <li>
            <capacity>Manipulation</capacity>
            <offset>1.2</offset>
          </li>
        </capMods>
      </li>
    </stages>
  </HediffDef>
  <HediffDef ParentName="LingFPSHediffBlank">
    <defName>LingFPS_Blank_Femur</defName>
    <label>plain white femur</label><!--股骨-->
	<stages>
      <li>
        <label>base</label>
        <minSeverity>0</minSeverity>
        <capMods>
          <li>
            <capacity>Moving</capacity>
            <offset>0.075</offset>
          </li>
        </capMods>
      </li>
      <li>
        <label>low</label>
        <minSeverity>0.2</minSeverity>
        <capMods>
          <li>
            <capacity>Moving</capacity>
            <offset>0.15</offset>
          </li>
        </capMods>
      </li>
      <li>
        <label>Normal</label>
        <minSeverity>0.4</minSeverity>
        <capMods>
          <li>
            <capacity>Moving</capacity>
            <offset>0.3</offset>
          </li>
        </capMods>
      </li>
      <li>
        <label>High</label>
        <minSeverity>0.6</minSeverity>
        <capMods>
          <li>
            <capacity>Moving</capacity>
            <offset>0.6</offset>
          </li>
        </capMods>
      </li>
    </stages>
  </HediffDef>
  <HediffDef ParentName="LingFPSHediffBlank">
    <defName>LingFPS_Blank_Tibia</defName>
    <label>plain white tibia</label><!--胫骨-->
	<stages>
      <li>
        <label>base</label>
        <minSeverity>0</minSeverity>
        <capMods>
          <li>
            <capacity>Moving</capacity>
            <offset>0.075</offset>
          </li>
        </capMods>
      </li>
      <li>
        <label>low</label>
        <minSeverity>0.2</minSeverity>
        <capMods>
          <li>
            <capacity>Moving</capacity>
            <offset>0.15</offset>
          </li>
        </capMods>
      </li>
      <li>
        <label>Normal</label>
        <minSeverity>0.4</minSeverity>
        <capMods>
          <li>
            <capacity>Moving</capacity>
            <offset>0.3</offset>
          </li>
        </capMods>
      </li>
      <li>
        <label>High</label>
        <minSeverity>0.6</minSeverity>
        <capMods>
          <li>
            <capacity>Moving</capacity>
            <offset>0.6</offset>
          </li>
        </capMods>
      </li>
    </stages>
  </HediffDef>
  <HediffDef ParentName="LingFPSHediffBlank">
    <defName>LingFPS_Blank_Foot</defName>
    <label>plain white foot</label><!--足-->
	<stages>
      <li>
        <label>base</label>
        <minSeverity>0</minSeverity>
        <capMods>
          <li>
            <capacity>Moving</capacity>
            <offset>0.15</offset>
          </li>
        </capMods>
      </li>
      <li>
        <label>low</label>
        <minSeverity>0.2</minSeverity>
        <capMods>
          <li>
            <capacity>Moving</capacity>
            <offset>0.3</offset>
          </li>
        </capMods>
      </li>
      <li>
        <label>Normal</label>
        <minSeverity>0.4</minSeverity>
        <capMods>
          <li>
            <capacity>Moving</capacity>
            <offset>0.6</offset>
          </li>
        </capMods>
      </li>
      <li>
        <label>High</label>
        <minSeverity>0.6</minSeverity>
        <capMods>
          <li>
            <capacity>Moving</capacity>
            <offset>1.2</offset>
          </li>
        </capMods>
      </li>
    </stages>
  </HediffDef>
  <HediffDef ParentName="LingFPSHediffBlank">
    <defName>LingFPS_Blank_Heart</defName>
    <label>plain white heart</label><!--心-->
	<stages>
      <li>
        <label>base</label>
        <minSeverity>0</minSeverity>
        <capMods>
          <li>
            <capacity>BloodPumping</capacity>
            <offset>0.2</offset>
          </li>
        </capMods>
      </li>
      <li>
        <label>low</label>
        <minSeverity>0.2</minSeverity>
        <capMods>
          <li>
            <capacity>BloodPumping</capacity>
            <offset>0.4</offset>
          </li>
        </capMods>
      </li>
      <li>
        <label>Normal</label>
        <minSeverity>0.4</minSeverity>
        <capMods>
          <li>
            <capacity>BloodPumping</capacity>
            <offset>0.8</offset>
          </li>
        </capMods>
      </li>
      <li>
        <label>High</label>
        <minSeverity>0.6</minSeverity>
        <capMods>
          <li>
            <capacity>BloodPumping</capacity>
            <offset>1.6</offset>
          </li>
        </capMods>
      </li>
    </stages>
  </HediffDef>
  <HediffDef ParentName="LingFPSHediffBlank">
    <defName>LingFPS_Blank_Kidney</defName>
    <label>plain white kidney</label><!--肾-->
	<stages>
      <li>
        <label>base</label>
        <minSeverity>0</minSeverity>
        <capMods>
          <li>
            <capacity>BloodFiltration</capacity>
            <offset>0.1</offset>
          </li>
        </capMods>
      </li>
      <li>
        <label>low</label>
        <minSeverity>0.2</minSeverity>
        <capMods>
          <li>
            <capacity>BloodFiltration</capacity>
            <offset>0.2</offset>
          </li>
        </capMods>
      </li>
      <li>
        <label>Normal</label>
        <minSeverity>0.4</minSeverity>
        <capMods>
          <li>
            <capacity>BloodFiltration</capacity>
            <offset>0.4</offset>
          </li>
        </capMods>
      </li>
      <li>
        <label>High</label>
        <minSeverity>0.6</minSeverity>
        <capMods>
          <li>
            <capacity>BloodFiltration</capacity>
            <offset>0.8</offset>
          </li>
        </capMods>
      </li>
    </stages>
  </HediffDef>
  <HediffDef ParentName="LingFPSHediffBlank">
    <defName>LingFPS_Blank_Liver</defName>
    <label>plain white liver</label><!--肝-->
	<stages>
      <li>
        <label>base</label>
        <minSeverity>0</minSeverity>
        <capMods>
          <li>
            <capacity>Metabolism</capacity>
            <offset>0.1</offset>
          </li>
        </capMods>
      </li>
      <li>
        <label>low</label>
        <minSeverity>0.2</minSeverity>
        <capMods>
          <li>
            <capacity>Metabolism</capacity>
            <offset>0.2</offset>
          </li>
        </capMods>
      </li>
      <li>
        <label>Normal</label>
        <minSeverity>0.4</minSeverity>
        <capMods>
          <li>
            <capacity>Metabolism</capacity>
            <offset>0.4</offset>
          </li>
        </capMods>
      </li>
      <li>
        <label>High</label>
        <minSeverity>0.6</minSeverity>
        <capMods>
          <li>
            <capacity>Metabolism</capacity>
            <offset>0.8</offset>
          </li>
        </capMods>
      </li>
    </stages>
  </HediffDef>
  <HediffDef ParentName="LingFPSHediffBlank">
    <defName>LingFPS_Blank_Lung</defName>
    <label>plain white lung</label><!--肺-->
	<stages>
      <li>
        <label>base</label>
        <minSeverity>0</minSeverity>
        <capMods>
          <li>
            <capacity>Breathing</capacity>
            <offset>0.075</offset>
          </li>
        </capMods>
      </li>
      <li>
        <label>low</label>
        <minSeverity>0.2</minSeverity>
        <capMods>
          <li>
            <capacity>Breathing</capacity>
            <offset>0.15</offset>
          </li>
        </capMods>
      </li>
      <li>
        <label>Normal</label>
        <minSeverity>0.4</minSeverity>
        <capMods>
          <li>
            <capacity>Breathing</capacity>
            <offset>0.3</offset>
          </li>
        </capMods>
      </li>
      <li>
        <label>High</label>
        <minSeverity>0.6</minSeverity>
        <capMods>
          <li>
            <capacity>Breathing</capacity>
            <offset>0.6</offset>
          </li>
        </capMods>
      </li>
    </stages>
  </HediffDef>
  <HediffDef ParentName="LingFPSHediffBlank">
    <defName>LingFPS_Blank_Stomach</defName>
    <label>plain white stomach</label><!--胃-->
	<stages>
      <li>
        <label>base</label>
        <minSeverity>0</minSeverity>
        <capMods>
          <li>
            <capacity>Eating</capacity>
            <offset>0.125</offset>
          </li>
        </capMods>
      </li>
      <li>
        <label>low</label>
        <minSeverity>0.2</minSeverity>
        <capMods>
          <li>
            <capacity>Eating</capacity>
            <offset>0.25</offset>
          </li>
        </capMods>
      </li>
      <li>
        <label>Normal</label>
        <minSeverity>0.4</minSeverity>
        <capMods>
          <li>
            <capacity>Eating</capacity>
            <offset>0.5</offset>
          </li>
        </capMods>
      </li>
      <li>
        <label>High</label>
        <minSeverity>0.6</minSeverity>
        <capMods>
          <li>
            <capacity>Eating</capacity>
            <offset>1</offset>
          </li>
        </capMods>
      </li>
    </stages>
  </HediffDef>
  <HediffDef>
    <defName>LingFPS_Blank_TaoZhuang</defName>
    <hediffClass>LingGame.Hediff_TaozhuangXiaoGuo</hediffClass>
    <isBad>false</isBad>
    <label>plain white protection</label>
    <description>The effect of resonance between plain white bionics can greatly improve the ability of plain white bionic user.\nEvery five pieces of plain white bionics installed, this resonance effect will increase by one level.</description>
    <maxSeverity>10</maxSeverity>
    <minSeverity>0.01</minSeverity>
    <initialSeverity>0.01</initialSeverity>
    <stages>
      <li>
        <label>lv.0</label>
        <capMods>
          <li>
            <capacity>Consciousness</capacity>
            <postFactor>1.01</postFactor>
          </li>
        </capMods>
      </li>
      <li>
        <minSeverity>0.2</minSeverity>
        <label>lv.1</label>
        <capMods>
          <li>
            <capacity>Consciousness</capacity>
            <postFactor>1.1</postFactor>
          </li>
        </capMods>
      </li>
      <li>
        <minSeverity>0.4</minSeverity>
        <label>lv.2</label>
        <capMods>
          <li>
            <capacity>Consciousness</capacity>
            <postFactor>1.1</postFactor>
          </li>
        </capMods>
      </li>
      <li>
        <minSeverity>0.6</minSeverity>
        <label>lv.3</label>
        <capMods>
          <li>
            <capacity>Consciousness</capacity>
            <postFactor>1.15</postFactor>
          </li>
        </capMods>
      </li>
      <li>
        <minSeverity>0.8</minSeverity>
        <label>lv.4</label>
        <capMods>
          <li>
            <capacity>Consciousness</capacity>
            <postFactor>1.25</postFactor>
          </li>
        </capMods>
      </li>
      <li>
        <minSeverity>1</minSeverity>
        <label>lv.5</label>
        <capMods>
          <li>
            <capacity>Consciousness</capacity>
            <postFactor>1.35</postFactor>
          </li>
        </capMods>
      </li>
      <li>
        <minSeverity>1.2</minSeverity>
        <label>lv.6</label>
        <capMods>
          <li>
            <capacity>Consciousness</capacity>
            <postFactor>1.5</postFactor>
          </li>
        </capMods>
      </li>
    </stages>
  </HediffDef>

<!-- red blood -->

  <HediffDef ParentName="LingFPSHediffBlood">
    <defName>LingFPS_Blood_Brain</defName>
    <label>red blood brain</label>
    <stages>
      <li>
        <label>base</label>
        <minSeverity>0</minSeverity>
        <capMods>
          <li>
            <capacity>Consciousness</capacity>
            <offset>0.15</offset>
          </li>
        </capMods>
      </li>
      <li>
        <label>low</label>
        <minSeverity>0.2</minSeverity>
        <capMods>
          <li>
            <capacity>Consciousness</capacity>
            <offset>0.3</offset>
          </li>
        </capMods>
      </li>
      <li>
        <label>Normal</label>
        <minSeverity>0.4</minSeverity>
        <capMods>
          <li>
            <capacity>Consciousness</capacity>
            <offset>0.6</offset>
          </li>
        </capMods>
      </li>
      <li>
        <label>High</label>
        <minSeverity>1.2</minSeverity>
        <capMods>
          <li>
            <capacity>Consciousness</capacity>
            <offset>1.2</offset>
          </li>
        </capMods>
      </li>
    </stages>
  </HediffDef>
  <HediffDef ParentName="LingFPSHediffBlood">
    <defName>LingFPS_Blood_Eye</defName>
    <label>red blood eye</label>
	<stages>
      <li>
        <label>base</label>
        <minSeverity>0</minSeverity>
        <capMods>
          <li>
            <capacity>Sight</capacity>
            <offset>0.1</offset>
          </li>
        </capMods>
      </li>
      <li>
        <label>low</label>
        <minSeverity>0.2</minSeverity>
        <capMods>
          <li>
            <capacity>Sight</capacity>
            <offset>0.2</offset>
          </li>
        </capMods>
      </li>
      <li>
        <label>Normal</label>
        <minSeverity>0.4</minSeverity>
        <capMods>
          <li>
            <capacity>Sight</capacity>
            <offset>0.4</offset>
          </li>
        </capMods>
      </li>
      <li>
        <label>High</label>
        <minSeverity>0.6</minSeverity>
        <capMods>
          <li>
            <capacity>Sight</capacity>
            <offset>0.8</offset>
          </li>
        </capMods>
      </li>
    </stages>
  </HediffDef>
  <HediffDef ParentName="LingFPSHediffBlood">
    <defName>LingFPS_Blood_Ear</defName>
    <label>red blood ear</label>
	<stages>
      <li>
        <label>base</label>
        <minSeverity>0</minSeverity>
        <capMods>
          <li>
            <capacity>Hearing</capacity>
            <offset>0.075</offset>
          </li>
        </capMods>
      </li>
      <li>
        <label>low</label>
        <minSeverity>0.2</minSeverity>
        <capMods>
          <li>
            <capacity>Hearing</capacity>
            <offset>0.15</offset>
          </li>
        </capMods>
      </li>
      <li>
        <label>Normal</label>
        <minSeverity>0.4</minSeverity>
        <capMods>
          <li>
            <capacity>Hearing</capacity>
            <offset>0.3</offset>
          </li>
        </capMods>
      </li>
      <li>
        <label>High</label>
        <minSeverity>0.6</minSeverity>
        <capMods>
          <li>
            <capacity>Hearing</capacity>
            <offset>0.6</offset>
          </li>
        </capMods>
      </li>
    </stages>
  </HediffDef>
  <HediffDef ParentName="LingFPSHediffBlood">
    <defName>LingFPS_Blood_Nose</defName>
    <label>red blood nose</label>
	<stages>
      <li>
        <label>base</label>
        <minSeverity>0</minSeverity>
        <capMods>
          <li>
            <capacity>Talking</capacity>
            <offset>0.05</offset>
          </li>
          <li>
            <capacity>Breathing</capacity>
            <offset>0.05</offset>
          </li>
        </capMods>
      </li>
      <li>
        <label>low</label>
        <minSeverity>0.2</minSeverity>
        <capMods>
          <li>
            <capacity>Talking</capacity>
            <offset>0.1</offset>
          </li>
          <li>
            <capacity>Breathing</capacity>
            <offset>0.1</offset>
          </li>
        </capMods>
      </li>
      <li>
        <label>Normal</label>
        <minSeverity>0.4</minSeverity>
        <capMods>
          <li>
            <capacity>Talking</capacity>
            <offset>0.2</offset>
          </li>
          <li>
            <capacity>Breathing</capacity>
            <offset>0.2</offset>
          </li>
        </capMods>
      </li>
      <li>
        <label>High</label>
        <minSeverity>0.6</minSeverity>
        <capMods>
          <li>
            <capacity>Talking</capacity>
            <offset>0.4</offset>
          </li>
          <li>
            <capacity>Breathing</capacity>
            <offset>0.4</offset>
          </li>
        </capMods>
      </li>
    </stages>
  </HediffDef>
  <HediffDef ParentName="LingFPSHediffBlood">
    <defName>LingFPS_Blood_Jaw</defName>
    <label>red blood jaw</label>
	<stages>
      <li>
        <label>base</label>
        <minSeverity>0</minSeverity>
        <capMods>
          <li>
            <capacity>Talking</capacity>
            <offset>0.05</offset>
          </li>
          <li>
            <capacity>Eating</capacity>
            <offset>0.05</offset>
          </li>
        </capMods>
      </li>
      <li>
        <label>low</label>
        <minSeverity>0.2</minSeverity>
        <capMods>
          <li>
            <capacity>Talking</capacity>
            <offset>0.1</offset>
          </li>
          <li>
            <capacity>Eating</capacity>
            <offset>0.1</offset>
          </li>
        </capMods>
      </li>
      <li>
        <label>Normal</label>
        <minSeverity>0.4</minSeverity>
        <capMods>
          <li>
            <capacity>Talking</capacity>
            <offset>0.2</offset>
          </li>
          <li>
            <capacity>Eating</capacity>
            <offset>0.2</offset>
          </li>
        </capMods>
      </li>
      <li>
        <label>High</label>
        <minSeverity>0.6</minSeverity>
        <capMods>
          <li>
            <capacity>Talking</capacity>
            <offset>0.4</offset>
          </li>
          <li>
            <capacity>Eating</capacity>
            <offset>0.4</offset>
          </li>
        </capMods>
      </li>
    </stages>
  </HediffDef>
  <HediffDef ParentName="LingFPSHediffBlood">
    <defName>LingFPS_Blood_Spine</defName>
    <label>red blood spine</label>
	<stages>
      <li>
        <label>base</label>
        <minSeverity>0</minSeverity>
        <capMods>
          <li>
            <capacity>Moving</capacity>
            <offset>0.1</offset>
          </li>
          <li>
            <capacity>Manipulation</capacity>
            <offset>0.1</offset>
          </li>
        </capMods>
      </li>
      <li>
        <label>low</label>
        <minSeverity>0.2</minSeverity>
        <capMods>
          <li>
            <capacity>Moving</capacity>
            <offset>0.2</offset>
          </li>
          <li>
            <capacity>Manipulation</capacity>
            <offset>0.2</offset>
          </li>
        </capMods>
      </li>
      <li>
        <label>Normal</label>
        <minSeverity>0.4</minSeverity>
        <capMods>
          <li>
            <capacity>Moving</capacity>
            <offset>0.4</offset>
          </li>
          <li>
            <capacity>Manipulation</capacity>
            <offset>0.4</offset>
          </li>
        </capMods>
      </li>
      <li>
        <label>High</label>
        <minSeverity>0.6</minSeverity>
        <capMods>
          <li>
            <capacity>Moving</capacity>
            <offset>0.8</offset>
          </li>
          <li>
            <capacity>Manipulation</capacity>
            <offset>0.8</offset>
          </li>
        </capMods>
      </li>
    </stages>
  </HediffDef>
  <HediffDef ParentName="LingFPSHediffBlood">
    <defName>LingFPS_Blood_Sternum</defName>
    <label>red blood sternum</label><!--胸骨-->
	<stages>
      <li>
        <label>base</label>
        <minSeverity>0</minSeverity>
        <capMods>
          <li>
            <capacity>Breathing</capacity>
            <offset>0.075</offset>
          </li>
          <li>
            <capacity>Manipulation</capacity>
            <offset>0.075</offset>
          </li>
        </capMods>
      </li>
      <li>
        <label>low</label>
        <minSeverity>0.2</minSeverity>
        <capMods>
          <li>
            <capacity>Breathing</capacity>
            <offset>0.15</offset>
          </li>
          <li>
            <capacity>Manipulation</capacity>
            <offset>0.15</offset>
          </li>
        </capMods>
      </li>
      <li>
        <label>Normal</label>
        <minSeverity>0.4</minSeverity>
        <capMods>
          <li>
            <capacity>Breathing</capacity>
            <offset>0.3</offset>
          </li>
          <li>
            <capacity>Manipulation</capacity>
            <offset>0.3</offset>
          </li>
        </capMods>
      </li>
      <li>
        <label>High</label>
        <minSeverity>0.6</minSeverity>
        <capMods>
          <li>
            <capacity>Breathing</capacity>
            <offset>0.6</offset>
          </li>
          <li>
            <capacity>Manipulation</capacity>
            <offset>0.6</offset>
          </li>
        </capMods>
      </li>
    </stages>
  </HediffDef>
  <HediffDef ParentName="LingFPSHediffBlood">
    <defName>LingFPS_Blood_Clavicle</defName>
    <label>red blood clavicle</label><!--锁骨-->
	<stages>
      <li>
        <label>base</label>
        <minSeverity>0</minSeverity>
        <capMods>
          <li>
            <capacity>Manipulation</capacity>
            <offset>0.075</offset>
          </li>
        </capMods>
      </li>
      <li>
        <label>low</label>
        <minSeverity>0.2</minSeverity>
        <capMods>
          <li>
            <capacity>Manipulation</capacity>
            <offset>0.15</offset>
          </li>
        </capMods>
      </li>
      <li>
        <label>Normal</label>
        <minSeverity>0.4</minSeverity>
        <capMods>
          <li>
            <capacity>Manipulation</capacity>
            <offset>0.3</offset>
          </li>
        </capMods>
      </li>
      <li>
        <label>High</label>
        <minSeverity>0.6</minSeverity>
        <capMods>
          <li>
            <capacity>Manipulation</capacity>
            <offset>0.6</offset>
          </li>
        </capMods>
      </li>
    </stages>
  </HediffDef>
  <HediffDef ParentName="LingFPSHediffBlood">
    <defName>LingFPS_Blood_Pelvis</defName>
    <label>red blood pelvis</label><!--骨盆-->
	<stages>
      <li>
        <label>base</label>
        <minSeverity>0</minSeverity>
        <capMods>
          <li>
            <capacity>Moving</capacity>
            <offset>0.15</offset>
          </li>
        </capMods>
      </li>
      <li>
        <label>low</label>
        <minSeverity>0.2</minSeverity>
        <capMods>
          <li>
            <capacity>Moving</capacity>
            <offset>0.3</offset>
          </li>
        </capMods>
      </li>
      <li>
        <label>Normal</label>
        <minSeverity>0.4</minSeverity>
        <capMods>
          <li>
            <capacity>Moving</capacity>
            <offset>0.6</offset>
          </li>
        </capMods>
      </li>
      <li>
        <label>High</label>
        <minSeverity>0.6</minSeverity>
        <capMods>
          <li>
            <capacity>Moving</capacity>
            <offset>1.2</offset>
          </li>
        </capMods>
      </li>
    </stages>
  </HediffDef>
  <HediffDef ParentName="LingFPSHediffBlood">
    <defName>LingFPS_Blood_Humerus</defName>
    <label>red blood humerus</label><!--肱骨-->
	<stages>
      <li>
        <label>base</label>
        <minSeverity>0</minSeverity>
        <capMods>
          <li>
            <capacity>Manipulation</capacity>
            <offset>0.05</offset>
          </li>
        </capMods>
      </li>
      <li>
        <label>low</label>
        <minSeverity>0.2</minSeverity>
        <capMods>
          <li>
            <capacity>Manipulation</capacity>
            <offset>0.1</offset>
          </li>
        </capMods>
      </li>
      <li>
        <label>Normal</label>
        <minSeverity>0.4</minSeverity>
        <capMods>
          <li>
            <capacity>Manipulation</capacity>
            <offset>0.2</offset>
          </li>
        </capMods>
      </li>
      <li>
        <label>High</label>
        <minSeverity>0.6</minSeverity>
        <capMods>
          <li>
            <capacity>Manipulation</capacity>
            <offset>0.4</offset>
          </li>
        </capMods>
      </li>
    </stages>
  </HediffDef>
  <HediffDef ParentName="LingFPSHediffBlood">
    <defName>LingFPS_Blood_Radius</defName>
    <label>red blood radius</label><!--桡骨-->
	<stages>
      <li>
        <label>base</label>
        <minSeverity>0</minSeverity>
        <capMods>
          <li>
            <capacity>Manipulation</capacity>
            <offset>0.05</offset>
          </li>
        </capMods>
      </li>
      <li>
        <label>low</label>
        <minSeverity>0.2</minSeverity>
        <capMods>
          <li>
            <capacity>Manipulation</capacity>
            <offset>0.1</offset>
          </li>
        </capMods>
      </li>
      <li>
        <label>Normal</label>
        <minSeverity>0.4</minSeverity>
        <capMods>
          <li>
            <capacity>Manipulation</capacity>
            <offset>0.2</offset>
          </li>
        </capMods>
      </li>
      <li>
        <label>High</label>
        <minSeverity>0.6</minSeverity>
        <capMods>
          <li>
            <capacity>Manipulation</capacity>
            <offset>0.4</offset>
          </li>
        </capMods>
      </li>
    </stages>
  </HediffDef>
  <HediffDef ParentName="LingFPSHediffBlood">
    <defName>LingFPS_Blood_Hand</defName>
    <label>red blood hand</label><!--手-->
    <comps>
      <li Class="HediffCompProperties_VerbGiver">
        <tools>
          <li>
            <label>fist</label>
            <capacities>
              <li>Flame</li>
            </capacities>
            <power>18.0</power>
            <cooldownTime>1</cooldownTime>
            <alwaysTreatAsWeapon>true</alwaysTreatAsWeapon>
          </li>
        </tools>
      </li>
    </comps>
	<stages>
      <li>
        <label>base</label>
        <minSeverity>0</minSeverity>
        <capMods>
          <li>
            <capacity>Manipulation</capacity>
            <offset>0.125</offset>
          </li>
        </capMods>
      </li>
      <li>
        <label>low</label>
        <minSeverity>0.2</minSeverity>
        <capMods>
          <li>
            <capacity>Manipulation</capacity>
            <offset>0.25</offset>
          </li>
        </capMods>
      </li>
      <li>
        <label>Normal</label>
        <minSeverity>0.4</minSeverity>
        <capMods>
          <li>
            <capacity>Manipulation</capacity>
            <offset>0.5</offset>
          </li>
        </capMods>
      </li>
      <li>
        <label>High</label>
        <minSeverity>0.6</minSeverity>
        <capMods>
          <li>
            <capacity>Manipulation</capacity>
            <offset>1</offset>
          </li>
        </capMods>
      </li>
    </stages>
  </HediffDef>
  <HediffDef ParentName="LingFPSHediffBlood">
    <defName>LingFPS_Blood_Femur</defName>
    <label>red blood femur</label><!--股骨-->
	<stages>
      <li>
        <label>base</label>
        <minSeverity>0</minSeverity>
        <capMods>
          <li>
            <capacity>Moving</capacity>
            <offset>0.05</offset>
          </li>
        </capMods>
      </li>
      <li>
        <label>low</label>
        <minSeverity>0.2</minSeverity>
        <capMods>
          <li>
            <capacity>Moving</capacity>
            <offset>0.1</offset>
          </li>
        </capMods>
      </li>
      <li>
        <label>Normal</label>
        <minSeverity>0.4</minSeverity>
        <capMods>
          <li>
            <capacity>Moving</capacity>
            <offset>0.2</offset>
          </li>
        </capMods>
      </li>
      <li>
        <label>High</label>
        <minSeverity>0.6</minSeverity>
        <capMods>
          <li>
            <capacity>Moving</capacity>
            <offset>0.4</offset>
          </li>
        </capMods>
      </li>
    </stages>
  </HediffDef>
  <HediffDef ParentName="LingFPSHediffBlood">
    <defName>LingFPS_Blood_Tibia</defName>
    <label>red blood tibia</label><!--胫骨-->
	<stages>
      <li>
        <label>base</label>
        <minSeverity>0</minSeverity>
        <capMods>
          <li>
            <capacity>Moving</capacity>
            <offset>0.05</offset>
          </li>
        </capMods>
      </li>
      <li>
        <label>low</label>
        <minSeverity>0.2</minSeverity>
        <capMods>
          <li>
            <capacity>Moving</capacity>
            <offset>0.1</offset>
          </li>
        </capMods>
      </li>
      <li>
        <label>Normal</label>
        <minSeverity>0.4</minSeverity>
        <capMods>
          <li>
            <capacity>Moving</capacity>
            <offset>0.2</offset>
          </li>
        </capMods>
      </li>
      <li>
        <label>High</label>
        <minSeverity>0.6</minSeverity>
        <capMods>
          <li>
            <capacity>Moving</capacity>
            <offset>0.4</offset>
          </li>
        </capMods>
      </li>
    </stages>
  </HediffDef>
  <HediffDef ParentName="LingFPSHediffBlood">
    <defName>LingFPS_Blood_Foot</defName>
    <label>red blood foot</label><!--足-->
	<stages>
      <li>
        <label>base</label>
        <minSeverity>0</minSeverity>
        <capMods>
          <li>
            <capacity>Moving</capacity>
            <offset>0.125</offset>
          </li>
        </capMods>
      </li>
      <li>
        <label>low</label>
        <minSeverity>0.2</minSeverity>
        <capMods>
          <li>
            <capacity>Moving</capacity>
            <offset>0.25</offset>
          </li>
        </capMods>
      </li>
      <li>
        <label>Normal</label>
        <minSeverity>0.4</minSeverity>
        <capMods>
          <li>
            <capacity>Moving</capacity>
            <offset>0.5</offset>
          </li>
        </capMods>
      </li>
      <li>
        <label>High</label>
        <minSeverity>0.6</minSeverity>
        <capMods>
          <li>
            <capacity>Moving</capacity>
            <offset>1</offset>
          </li>
        </capMods>
      </li>
    </stages>
  </HediffDef>
  <HediffDef ParentName="LingFPSHediffBlood">
    <defName>LingFPS_Blood_Heart</defName>
    <label>red blood heart</label><!--心-->
	<stages>
      <li>
        <label>base</label>
        <minSeverity>0</minSeverity>
        <capMods>
          <li>
            <capacity>BloodPumping</capacity>
            <offset>0.175</offset>
          </li>
        </capMods>
      </li>
      <li>
        <label>low</label>
        <minSeverity>0.2</minSeverity>
        <capMods>
          <li>
            <capacity>BloodPumping</capacity>
            <offset>0.35</offset>
          </li>
        </capMods>
      </li>
      <li>
        <label>Normal</label>
        <minSeverity>0.4</minSeverity>
        <capMods>
          <li>
            <capacity>BloodPumping</capacity>
            <offset>0.7</offset>
          </li>
        </capMods>
      </li>
      <li>
        <label>High</label>
        <minSeverity>0.6</minSeverity>
        <capMods>
          <li>
            <capacity>BloodPumping</capacity>
            <offset>1.4</offset>
          </li>
        </capMods>
      </li>
    </stages>
  </HediffDef>
  <HediffDef ParentName="LingFPSHediffBlood">
    <defName>LingFPS_Blood_Kidney</defName>
    <label>red blood kidney</label><!--肾-->
	<stages>
      <li>
        <label>base</label>
        <minSeverity>0</minSeverity>
        <capMods>
          <li>
            <capacity>BloodFiltration</capacity>
            <offset>0.075</offset>
          </li>
        </capMods>
      </li>
      <li>
        <label>low</label>
        <minSeverity>0.2</minSeverity>
        <capMods>
          <li>
            <capacity>BloodFiltration</capacity>
            <offset>0.15</offset>
          </li>
        </capMods>
      </li>
      <li>
        <label>Normal</label>
        <minSeverity>0.4</minSeverity>
        <capMods>
          <li>
            <capacity>BloodFiltration</capacity>
            <offset>0.3</offset>
          </li>
        </capMods>
      </li>
      <li>
        <label>High</label>
        <minSeverity>0.6</minSeverity>
        <capMods>
          <li>
            <capacity>BloodFiltration</capacity>
            <offset>0.6</offset>
          </li>
        </capMods>
      </li>
    </stages>
  </HediffDef>
  <HediffDef ParentName="LingFPSHediffBlood">
    <defName>LingFPS_Blood_Liver</defName>
    <label>red blood liver</label><!--肝-->
	<stages>
      <li>
        <label>base</label>
        <minSeverity>0</minSeverity>
        <capMods>
          <li>
            <capacity>Metabolism</capacity>
            <offset>0.075</offset>
          </li>
        </capMods>
      </li>
      <li>
        <label>low</label>
        <minSeverity>0.2</minSeverity>
        <capMods>
          <li>
            <capacity>Metabolism</capacity>
            <offset>0.15</offset>
          </li>
        </capMods>
      </li>
      <li>
        <label>Normal</label>
        <minSeverity>0.4</minSeverity>
        <capMods>
          <li>
            <capacity>Metabolism</capacity>
            <offset>0.3</offset>
          </li>
        </capMods>
      </li>
      <li>
        <label>High</label>
        <minSeverity>0.6</minSeverity>
        <capMods>
          <li>
            <capacity>Metabolism</capacity>
            <offset>0.6</offset>
          </li>
        </capMods>
      </li>
    </stages>
  </HediffDef>
  <HediffDef ParentName="LingFPSHediffBlood">
    <defName>LingFPS_Blood_Lung</defName>
    <label>red blood lung</label><!--肺-->
	<stages>
      <li>
        <label>base</label>
        <minSeverity>0</minSeverity>
        <capMods>
          <li>
            <capacity>Breathing</capacity>
            <offset>0.05</offset>
          </li>
        </capMods>
      </li>
      <li>
        <label>low</label>
        <minSeverity>0.2</minSeverity>
        <capMods>
          <li>
            <capacity>Breathing</capacity>
            <offset>0.1</offset>
          </li>
        </capMods>
      </li>
      <li>
        <label>Normal</label>
        <minSeverity>0.4</minSeverity>
        <capMods>
          <li>
            <capacity>Breathing</capacity>
            <offset>0.2</offset>
          </li>
        </capMods>
      </li>
      <li>
        <label>High</label>
        <minSeverity>0.6</minSeverity>
        <capMods>
          <li>
            <capacity>Breathing</capacity>
            <offset>0.4</offset>
          </li>
        </capMods>
      </li>
    </stages>
  </HediffDef>
  <HediffDef ParentName="LingFPSHediffBlood">
    <defName>LingFPS_Blood_Stomach</defName>
    <label>red blood stomach</label><!--胃-->
	<stages>
      <li>
        <label>base</label>
        <minSeverity>0</minSeverity>
        <capMods>
          <li>
            <capacity>Eating</capacity>
            <offset>0.1</offset>
          </li>
        </capMods>
      </li>
      <li>
        <label>low</label>
        <minSeverity>0.2</minSeverity>
        <capMods>
          <li>
            <capacity>Eating</capacity>
            <offset>0.2</offset>
          </li>
        </capMods>
      </li>
      <li>
        <label>Normal</label>
        <minSeverity>0.4</minSeverity>
        <capMods>
          <li>
            <capacity>Eating</capacity>
            <offset>0.4</offset>
          </li>
        </capMods>
      </li>
      <li>
        <label>High</label>
        <minSeverity>0.6</minSeverity>
        <capMods>
          <li>
            <capacity>Eating</capacity>
            <offset>0.8</offset>
          </li>
        </capMods>
      </li>
    </stages>
  </HediffDef>
  <HediffDef>
    <defName>LingFPS_Blood_TaoZhuang</defName>
    <hediffClass>LingGame.Hediff_TaozhuangXiaoGuo</hediffClass>
    <isBad>false</isBad>
    <label>red blood protection</label>
    <description>The effect of resonance between red blood bionics can greatly improve the ability of red blood bionic user.\nEvery five pieces of red blood bionics installed, this resonance effect will increase by one level.</description>
    <maxSeverity>1.0</maxSeverity>
    <minSeverity>0.01</minSeverity>
    <initialSeverity>0.01</initialSeverity>
    <stages>
      <li>
        <label>lv.0</label>
		<statOffsets>
		  <AimingDelayFactor>-0.05</AimingDelayFactor>
		  <ShootingAccuracyPawn>1</ShootingAccuracyPawn>
		  <MeleeDodgeChance>1</MeleeDodgeChance>
		  <MeleeHitChance>1</MeleeHitChance>
        </statOffsets>
      </li>
      <li>
        <minSeverity>0.2</minSeverity>
        <label>lv.1</label>
		<statOffsets>
		  <AimingDelayFactor>-0.1</AimingDelayFactor>
		  <ShootingAccuracyPawn>3</ShootingAccuracyPawn>
		  <MeleeDodgeChance>3</MeleeDodgeChance>
		  <MeleeHitChance>3</MeleeHitChance>
        </statOffsets>
      </li>
      <li>
        <minSeverity>0.4</minSeverity>
        <label>lv.2</label>
		<statOffsets>
		  <AimingDelayFactor>-0.25</AimingDelayFactor>
		  <ShootingAccuracyPawn>6</ShootingAccuracyPawn>
		  <MeleeDodgeChance>6</MeleeDodgeChance>
		  <MeleeHitChance>6</MeleeHitChance>
        </statOffsets>
      </li>
      <li>
        <minSeverity>0.6</minSeverity>
        <label>lv.3</label>
		<statOffsets>
		  <AimingDelayFactor>-0.35</AimingDelayFactor>
		  <ShootingAccuracyPawn>10</ShootingAccuracyPawn>
		  <MeleeDodgeChance>10</MeleeDodgeChance>
		  <MeleeHitChance>10</MeleeHitChance>
        </statOffsets>
      </li>
      <li>
        <minSeverity>0.80</minSeverity>
        <label>lv.4</label>
		<statOffsets>
		  <AimingDelayFactor>-0.5</AimingDelayFactor>
		  <ShootingAccuracyPawn>13</ShootingAccuracyPawn>
		  <MeleeDodgeChance>13</MeleeDodgeChance>
		  <MeleeHitChance>13</MeleeHitChance>
        </statOffsets>
      </li>
      <li>
        <minSeverity>1</minSeverity>
        <label>lv.5</label>
		<statOffsets>
		  <AimingDelayFactor>-0.6</AimingDelayFactor>
		  <ShootingAccuracyPawn>17</ShootingAccuracyPawn>
		  <MeleeDodgeChance>17</MeleeDodgeChance>
		  <MeleeHitChance>17</MeleeHitChance>
        </statOffsets>
      </li>
      <li>
        <minSeverity>1.2</minSeverity>
        <label>lv.6</label>
		<statOffsets>
		  <AimingDelayFactor>-0.75</AimingDelayFactor>
		  <ShootingAccuracyPawn>20</ShootingAccuracyPawn>
		  <MeleeDodgeChance>20</MeleeDodgeChance>
		  <MeleeHitChance>20</MeleeHitChance>
        </statOffsets>
      </li>
    </stages>
  </HediffDef>

<!-- dark bone -->

  <HediffDef ParentName="LingFPSHediffTurtle">
    <defName>LingFPS_Turtle_Brain</defName>
    <label>dark bone brain</label>
    <stages>
      <li>
        <label>base</label>
        <minSeverity>0</minSeverity>
        <capMods>
          <li>
            <capacity>Consciousness</capacity>
            <offset>0.15</offset>
          </li>
        </capMods>
      </li>
      <li>
        <label>low</label>
        <minSeverity>0.2</minSeverity>
        <capMods>
          <li>
            <capacity>Consciousness</capacity>
            <offset>0.3</offset>
          </li>
        </capMods>
      </li>
      <li>
        <label>Normal</label>
        <minSeverity>0.4</minSeverity>
        <capMods>
          <li>
            <capacity>Consciousness</capacity>
            <offset>0.6</offset>
          </li>
        </capMods>
      </li>
      <li>
        <label>High</label>
        <minSeverity>1.2</minSeverity>
        <capMods>
          <li>
            <capacity>Consciousness</capacity>
            <offset>1.2</offset>
          </li>
        </capMods>
      </li>
    </stages>
  </HediffDef>
  <HediffDef ParentName="LingFPSHediffTurtle">
    <defName>LingFPS_Turtle_Eye</defName>
    <label>dark bone eye</label>
	<stages>
      <li>
        <label>base</label>
        <minSeverity>0</minSeverity>
        <capMods>
          <li>
            <capacity>Sight</capacity>
            <offset>0.1</offset>
          </li>
        </capMods>
      </li>
      <li>
        <label>low</label>
        <minSeverity>0.2</minSeverity>
        <capMods>
          <li>
            <capacity>Sight</capacity>
            <offset>0.2</offset>
          </li>
        </capMods>
      </li>
      <li>
        <label>Normal</label>
        <minSeverity>0.4</minSeverity>
        <capMods>
          <li>
            <capacity>Sight</capacity>
            <offset>0.4</offset>
          </li>
        </capMods>
      </li>
      <li>
        <label>High</label>
        <minSeverity>0.6</minSeverity>
        <capMods>
          <li>
            <capacity>Sight</capacity>
            <offset>0.8</offset>
          </li>
        </capMods>
      </li>
    </stages>
  </HediffDef>
  <HediffDef ParentName="LingFPSHediffTurtle">
    <defName>LingFPS_Turtle_Ear</defName>
    <label>dark bone ear</label>
	<stages>
      <li>
        <label>base</label>
        <minSeverity>0</minSeverity>
        <capMods>
          <li>
            <capacity>Hearing</capacity>
            <offset>0.075</offset>
          </li>
        </capMods>
      </li>
      <li>
        <label>low</label>
        <minSeverity>0.2</minSeverity>
        <capMods>
          <li>
            <capacity>Hearing</capacity>
            <offset>0.15</offset>
          </li>
        </capMods>
      </li>
      <li>
        <label>Normal</label>
        <minSeverity>0.4</minSeverity>
        <capMods>
          <li>
            <capacity>Hearing</capacity>
            <offset>0.3</offset>
          </li>
        </capMods>
      </li>
      <li>
        <label>High</label>
        <minSeverity>0.6</minSeverity>
        <capMods>
          <li>
            <capacity>Hearing</capacity>
            <offset>0.6</offset>
          </li>
        </capMods>
      </li>
    </stages>
  </HediffDef>
  <HediffDef ParentName="LingFPSHediffTurtle">
    <defName>LingFPS_Turtle_Nose</defName>
    <label>dark bone nose</label>
	<stages>
      <li>
        <label>base</label>
        <minSeverity>0</minSeverity>
        <capMods>
          <li>
            <capacity>Talking</capacity>
            <offset>0.05</offset>
          </li>
          <li>
            <capacity>Breathing</capacity>
            <offset>0.05</offset>
          </li>
        </capMods>
      </li>
      <li>
        <label>low</label>
        <minSeverity>0.2</minSeverity>
        <capMods>
          <li>
            <capacity>Talking</capacity>
            <offset>0.1</offset>
          </li>
          <li>
            <capacity>Breathing</capacity>
            <offset>0.1</offset>
          </li>
        </capMods>
      </li>
      <li>
        <label>Normal</label>
        <minSeverity>0.4</minSeverity>
        <capMods>
          <li>
            <capacity>Talking</capacity>
            <offset>0.2</offset>
          </li>
          <li>
            <capacity>Breathing</capacity>
            <offset>0.2</offset>
          </li>
        </capMods>
      </li>
      <li>
        <label>High</label>
        <minSeverity>0.6</minSeverity>
        <capMods>
          <li>
            <capacity>Talking</capacity>
            <offset>0.4</offset>
          </li>
          <li>
            <capacity>Breathing</capacity>
            <offset>0.4</offset>
          </li>
        </capMods>
      </li>
    </stages>
  </HediffDef>
  <HediffDef ParentName="LingFPSHediffTurtle">
    <defName>LingFPS_Turtle_Jaw</defName>
    <label>dark bone jaw</label>
	<stages>
      <li>
        <label>base</label>
        <minSeverity>0</minSeverity>
        <capMods>
          <li>
            <capacity>Talking</capacity>
            <offset>0.05</offset>
          </li>
          <li>
            <capacity>Eating</capacity>
            <offset>0.05</offset>
          </li>
        </capMods>
      </li>
      <li>
        <label>low</label>
        <minSeverity>0.2</minSeverity>
        <capMods>
          <li>
            <capacity>Talking</capacity>
            <offset>0.1</offset>
          </li>
          <li>
            <capacity>Eating</capacity>
            <offset>0.1</offset>
          </li>
        </capMods>
      </li>
      <li>
        <label>Normal</label>
        <minSeverity>0.4</minSeverity>
        <capMods>
          <li>
            <capacity>Talking</capacity>
            <offset>0.2</offset>
          </li>
          <li>
            <capacity>Eating</capacity>
            <offset>0.2</offset>
          </li>
        </capMods>
      </li>
      <li>
        <label>High</label>
        <minSeverity>0.6</minSeverity>
        <capMods>
          <li>
            <capacity>Talking</capacity>
            <offset>0.4</offset>
          </li>
          <li>
            <capacity>Eating</capacity>
            <offset>0.4</offset>
          </li>
        </capMods>
      </li>
    </stages>
  </HediffDef>
  <HediffDef ParentName="LingFPSHediffTurtle">
    <defName>LingFPS_Turtle_Spine</defName>
    <label>dark bone spine</label>
	<stages>
      <li>
        <label>base</label>
        <minSeverity>0</minSeverity>
        <capMods>
          <li>
            <capacity>Moving</capacity>
            <offset>0.1</offset>
          </li>
          <li>
            <capacity>Manipulation</capacity>
            <offset>0.1</offset>
          </li>
        </capMods>
      </li>
      <li>
        <label>low</label>
        <minSeverity>0.2</minSeverity>
        <capMods>
          <li>
            <capacity>Moving</capacity>
            <offset>0.2</offset>
          </li>
          <li>
            <capacity>Manipulation</capacity>
            <offset>0.2</offset>
          </li>
        </capMods>
      </li>
      <li>
        <label>Normal</label>
        <minSeverity>0.4</minSeverity>
        <capMods>
          <li>
            <capacity>Moving</capacity>
            <offset>0.4</offset>
          </li>
          <li>
            <capacity>Manipulation</capacity>
            <offset>0.4</offset>
          </li>
        </capMods>
      </li>
      <li>
        <label>High</label>
        <minSeverity>0.6</minSeverity>
        <capMods>
          <li>
            <capacity>Moving</capacity>
            <offset>0.8</offset>
          </li>
          <li>
            <capacity>Manipulation</capacity>
            <offset>0.8</offset>
          </li>
        </capMods>
      </li>
    </stages>
  </HediffDef>
  <HediffDef ParentName="LingFPSHediffTurtle">
    <defName>LingFPS_Turtle_Sternum</defName>
    <label>dark bone sternum</label><!--胸骨-->
	<stages>
      <li>
        <label>base</label>
        <minSeverity>0</minSeverity>
        <capMods>
          <li>
            <capacity>Breathing</capacity>
            <offset>0.075</offset>
          </li>
          <li>
            <capacity>Manipulation</capacity>
            <offset>0.075</offset>
          </li>
        </capMods>
      </li>
      <li>
        <label>low</label>
        <minSeverity>0.2</minSeverity>
        <capMods>
          <li>
            <capacity>Breathing</capacity>
            <offset>0.15</offset>
          </li>
          <li>
            <capacity>Manipulation</capacity>
            <offset>0.15</offset>
          </li>
        </capMods>
      </li>
      <li>
        <label>Normal</label>
        <minSeverity>0.4</minSeverity>
        <capMods>
          <li>
            <capacity>Breathing</capacity>
            <offset>0.3</offset>
          </li>
          <li>
            <capacity>Manipulation</capacity>
            <offset>0.3</offset>
          </li>
        </capMods>
      </li>
      <li>
        <label>High</label>
        <minSeverity>0.6</minSeverity>
        <capMods>
          <li>
            <capacity>Breathing</capacity>
            <offset>0.6</offset>
          </li>
          <li>
            <capacity>Manipulation</capacity>
            <offset>0.6</offset>
          </li>
        </capMods>
      </li>
    </stages>
  </HediffDef>
  <HediffDef ParentName="LingFPSHediffTurtle">
    <defName>LingFPS_Turtle_Clavicle</defName>
    <label>dark bone clavicle</label><!--锁骨-->
	<stages>
      <li>
        <label>base</label>
        <minSeverity>0</minSeverity>
        <capMods>
          <li>
            <capacity>Manipulation</capacity>
            <offset>0.075</offset>
          </li>
        </capMods>
      </li>
      <li>
        <label>low</label>
        <minSeverity>0.2</minSeverity>
        <capMods>
          <li>
            <capacity>Manipulation</capacity>
            <offset>0.15</offset>
          </li>
        </capMods>
      </li>
      <li>
        <label>Normal</label>
        <minSeverity>0.4</minSeverity>
        <capMods>
          <li>
            <capacity>Manipulation</capacity>
            <offset>0.3</offset>
          </li>
        </capMods>
      </li>
      <li>
        <label>High</label>
        <minSeverity>0.6</minSeverity>
        <capMods>
          <li>
            <capacity>Manipulation</capacity>
            <offset>0.6</offset>
          </li>
        </capMods>
      </li>
    </stages>
  </HediffDef>
  <HediffDef ParentName="LingFPSHediffTurtle">
    <defName>LingFPS_Turtle_Pelvis</defName>
    <label>dark bone pelvis</label><!--骨盆-->
	<stages>
      <li>
        <label>base</label>
        <minSeverity>0</minSeverity>
        <capMods>
          <li>
            <capacity>Moving</capacity>
            <offset>0.15</offset>
          </li>
        </capMods>
      </li>
      <li>
        <label>low</label>
        <minSeverity>0.2</minSeverity>
        <capMods>
          <li>
            <capacity>Moving</capacity>
            <offset>0.3</offset>
          </li>
        </capMods>
      </li>
      <li>
        <label>Normal</label>
        <minSeverity>0.4</minSeverity>
        <capMods>
          <li>
            <capacity>Moving</capacity>
            <offset>0.6</offset>
          </li>
        </capMods>
      </li>
      <li>
        <label>High</label>
        <minSeverity>0.6</minSeverity>
        <capMods>
          <li>
            <capacity>Moving</capacity>
            <offset>1.2</offset>
          </li>
        </capMods>
      </li>
    </stages>
  </HediffDef>
  <HediffDef ParentName="LingFPSHediffTurtle">
    <defName>LingFPS_Turtle_Humerus</defName>
    <label>dark bone humerus</label><!--肱骨-->
	<stages>
      <li>
        <label>base</label>
        <minSeverity>0</minSeverity>
        <capMods>
          <li>
            <capacity>Manipulation</capacity>
            <offset>0.05</offset>
          </li>
        </capMods>
      </li>
      <li>
        <label>low</label>
        <minSeverity>0.2</minSeverity>
        <capMods>
          <li>
            <capacity>Manipulation</capacity>
            <offset>0.1</offset>
          </li>
        </capMods>
      </li>
      <li>
        <label>Normal</label>
        <minSeverity>0.4</minSeverity>
        <capMods>
          <li>
            <capacity>Manipulation</capacity>
            <offset>0.2</offset>
          </li>
        </capMods>
      </li>
      <li>
        <label>High</label>
        <minSeverity>0.6</minSeverity>
        <capMods>
          <li>
            <capacity>Manipulation</capacity>
            <offset>0.4</offset>
          </li>
        </capMods>
      </li>
    </stages>
  </HediffDef>
  <HediffDef ParentName="LingFPSHediffTurtle">
    <defName>LingFPS_Turtle_Radius</defName>
    <label>dark bone radius</label><!--桡骨-->
	<stages>
      <li>
        <label>base</label>
        <minSeverity>0</minSeverity>
        <capMods>
          <li>
            <capacity>Manipulation</capacity>
            <offset>0.05</offset>
          </li>
        </capMods>
      </li>
      <li>
        <label>low</label>
        <minSeverity>0.2</minSeverity>
        <capMods>
          <li>
            <capacity>Manipulation</capacity>
            <offset>0.1</offset>
          </li>
        </capMods>
      </li>
      <li>
        <label>Normal</label>
        <minSeverity>0.4</minSeverity>
        <capMods>
          <li>
            <capacity>Manipulation</capacity>
            <offset>0.2</offset>
          </li>
        </capMods>
      </li>
      <li>
        <label>High</label>
        <minSeverity>0.6</minSeverity>
        <capMods>
          <li>
            <capacity>Manipulation</capacity>
            <offset>0.4</offset>
          </li>
        </capMods>
      </li>
    </stages>
  </HediffDef>
  <HediffDef ParentName="LingFPSHediffTurtle">
    <defName>LingFPS_Turtle_Hand</defName>
    <label>dark bone hand</label><!--手-->
    <comps>
      <li Class="HediffCompProperties_VerbGiver">
        <tools>
          <li>
            <label>fist</label>
            <capacities>
              <li>Blunt</li>
            </capacities>
            <power>22.0</power>
            <cooldownTime>1</cooldownTime>
            <alwaysTreatAsWeapon>true</alwaysTreatAsWeapon>
          </li>
        </tools>
      </li>
    </comps>
	<stages>
      <li>
        <label>base</label>
        <minSeverity>0</minSeverity>
        <capMods>
          <li>
            <capacity>Manipulation</capacity>
            <offset>0.125</offset>
          </li>
        </capMods>
      </li>
      <li>
        <label>low</label>
        <minSeverity>0.2</minSeverity>
        <capMods>
          <li>
            <capacity>Manipulation</capacity>
            <offset>0.25</offset>
          </li>
        </capMods>
      </li>
      <li>
        <label>Normal</label>
        <minSeverity>0.4</minSeverity>
        <capMods>
          <li>
            <capacity>Manipulation</capacity>
            <offset>0.5</offset>
          </li>
        </capMods>
      </li>
      <li>
        <label>High</label>
        <minSeverity>0.6</minSeverity>
        <capMods>
          <li>
            <capacity>Manipulation</capacity>
            <offset>1</offset>
          </li>
        </capMods>
      </li>
    </stages>
  </HediffDef>
  <HediffDef ParentName="LingFPSHediffTurtle">
    <defName>LingFPS_Turtle_Femur</defName>
    <label>dark bone femur</label><!--股骨-->
	<stages>
      <li>
        <label>base</label>
        <minSeverity>0</minSeverity>
        <capMods>
          <li>
            <capacity>Moving</capacity>
            <offset>0.05</offset>
          </li>
        </capMods>
      </li>
      <li>
        <label>low</label>
        <minSeverity>0.2</minSeverity>
        <capMods>
          <li>
            <capacity>Moving</capacity>
            <offset>0.1</offset>
          </li>
        </capMods>
      </li>
      <li>
        <label>Normal</label>
        <minSeverity>0.4</minSeverity>
        <capMods>
          <li>
            <capacity>Moving</capacity>
            <offset>0.2</offset>
          </li>
        </capMods>
      </li>
      <li>
        <label>High</label>
        <minSeverity>0.6</minSeverity>
        <capMods>
          <li>
            <capacity>Moving</capacity>
            <offset>0.4</offset>
          </li>
        </capMods>
      </li>
    </stages>
  </HediffDef>
  <HediffDef ParentName="LingFPSHediffTurtle">
    <defName>LingFPS_Turtle_Tibia</defName>
    <label>dark bone tibia</label><!--胫骨-->
	<stages>
      <li>
        <label>base</label>
        <minSeverity>0</minSeverity>
        <capMods>
          <li>
            <capacity>Moving</capacity>
            <offset>0.05</offset>
          </li>
        </capMods>
      </li>
      <li>
        <label>low</label>
        <minSeverity>0.2</minSeverity>
        <capMods>
          <li>
            <capacity>Moving</capacity>
            <offset>0.1</offset>
          </li>
        </capMods>
      </li>
      <li>
        <label>Normal</label>
        <minSeverity>0.4</minSeverity>
        <capMods>
          <li>
            <capacity>Moving</capacity>
            <offset>0.2</offset>
          </li>
        </capMods>
      </li>
      <li>
        <label>High</label>
        <minSeverity>0.6</minSeverity>
        <capMods>
          <li>
            <capacity>Moving</capacity>
            <offset>0.4</offset>
          </li>
        </capMods>
      </li>
    </stages>
  </HediffDef>
  <HediffDef ParentName="LingFPSHediffTurtle">
    <defName>LingFPS_Turtle_Foot</defName>
    <label>dark bone foot</label><!--足-->
	<stages>
      <li>
        <label>base</label>
        <minSeverity>0</minSeverity>
        <capMods>
          <li>
            <capacity>Moving</capacity>
            <offset>0.125</offset>
          </li>
        </capMods>
      </li>
      <li>
        <label>low</label>
        <minSeverity>0.2</minSeverity>
        <capMods>
          <li>
            <capacity>Moving</capacity>
            <offset>0.25</offset>
          </li>
        </capMods>
      </li>
      <li>
        <label>Normal</label>
        <minSeverity>0.4</minSeverity>
        <capMods>
          <li>
            <capacity>Moving</capacity>
            <offset>0.5</offset>
          </li>
        </capMods>
      </li>
      <li>
        <label>High</label>
        <minSeverity>0.6</minSeverity>
        <capMods>
          <li>
            <capacity>Moving</capacity>
            <offset>1</offset>
          </li>
        </capMods>
      </li>
    </stages>
  </HediffDef>
  <HediffDef ParentName="LingFPSHediffTurtle">
    <defName>LingFPS_Turtle_Heart</defName>
    <label>dark bone heart</label><!--心-->
	<stages>
      <li>
        <label>base</label>
        <minSeverity>0</minSeverity>
        <capMods>
          <li>
            <capacity>BloodPumping</capacity>
            <offset>0.175</offset>
          </li>
        </capMods>
      </li>
      <li>
        <label>low</label>
        <minSeverity>0.2</minSeverity>
        <capMods>
          <li>
            <capacity>BloodPumping</capacity>
            <offset>0.35</offset>
          </li>
        </capMods>
      </li>
      <li>
        <label>Normal</label>
        <minSeverity>0.4</minSeverity>
        <capMods>
          <li>
            <capacity>BloodPumping</capacity>
            <offset>0.7</offset>
          </li>
        </capMods>
      </li>
      <li>
        <label>High</label>
        <minSeverity>0.6</minSeverity>
        <capMods>
          <li>
            <capacity>BloodPumping</capacity>
            <offset>1.4</offset>
          </li>
        </capMods>
      </li>
    </stages>
  </HediffDef>
  <HediffDef ParentName="LingFPSHediffTurtle">
    <defName>LingFPS_Turtle_Kidney</defName>
    <label>dark bone kidney</label><!--肾-->
	<stages>
      <li>
        <label>base</label>
        <minSeverity>0</minSeverity>
        <capMods>
          <li>
            <capacity>BloodFiltration</capacity>
            <offset>0.075</offset>
          </li>
        </capMods>
      </li>
      <li>
        <label>low</label>
        <minSeverity>0.2</minSeverity>
        <capMods>
          <li>
            <capacity>BloodFiltration</capacity>
            <offset>0.15</offset>
          </li>
        </capMods>
      </li>
      <li>
        <label>Normal</label>
        <minSeverity>0.4</minSeverity>
        <capMods>
          <li>
            <capacity>BloodFiltration</capacity>
            <offset>0.3</offset>
          </li>
        </capMods>
      </li>
      <li>
        <label>High</label>
        <minSeverity>0.6</minSeverity>
        <capMods>
          <li>
            <capacity>BloodFiltration</capacity>
            <offset>0.6</offset>
          </li>
        </capMods>
      </li>
    </stages>
  </HediffDef>
  <HediffDef ParentName="LingFPSHediffTurtle">
    <defName>LingFPS_Turtle_Liver</defName>
    <label>dark bone liver</label><!--肝-->
	<stages>
      <li>
        <label>base</label>
        <minSeverity>0</minSeverity>
        <capMods>
          <li>
            <capacity>Metabolism</capacity>
            <offset>0.075</offset>
          </li>
        </capMods>
      </li>
      <li>
        <label>low</label>
        <minSeverity>0.2</minSeverity>
        <capMods>
          <li>
            <capacity>Metabolism</capacity>
            <offset>0.15</offset>
          </li>
        </capMods>
      </li>
      <li>
        <label>Normal</label>
        <minSeverity>0.4</minSeverity>
        <capMods>
          <li>
            <capacity>Metabolism</capacity>
            <offset>0.3</offset>
          </li>
        </capMods>
      </li>
      <li>
        <label>High</label>
        <minSeverity>0.6</minSeverity>
        <capMods>
          <li>
            <capacity>Metabolism</capacity>
            <offset>0.6</offset>
          </li>
        </capMods>
      </li>
    </stages>
  </HediffDef>
  <HediffDef ParentName="LingFPSHediffTurtle">
    <defName>LingFPS_Turtle_Lung</defName>
    <label>dark bone lung</label><!--肺-->
	<stages>
      <li>
        <label>base</label>
        <minSeverity>0</minSeverity>
        <capMods>
          <li>
            <capacity>Breathing</capacity>
            <offset>0.05</offset>
          </li>
        </capMods>
      </li>
      <li>
        <label>low</label>
        <minSeverity>0.2</minSeverity>
        <capMods>
          <li>
            <capacity>Breathing</capacity>
            <offset>0.1</offset>
          </li>
        </capMods>
      </li>
      <li>
        <label>Normal</label>
        <minSeverity>0.4</minSeverity>
        <capMods>
          <li>
            <capacity>Breathing</capacity>
            <offset>0.2</offset>
          </li>
        </capMods>
      </li>
      <li>
        <label>High</label>
        <minSeverity>0.6</minSeverity>
        <capMods>
          <li>
            <capacity>Breathing</capacity>
            <offset>0.4</offset>
          </li>
        </capMods>
      </li>
    </stages>
  </HediffDef>
  <HediffDef ParentName="LingFPSHediffTurtle">
    <defName>LingFPS_Turtle_Stomach</defName>
    <label>dark bone stomach</label><!--胃-->
	<stages>
      <li>
        <label>base</label>
        <minSeverity>0</minSeverity>
        <capMods>
          <li>
            <capacity>Eating</capacity>
            <offset>0.1</offset>
          </li>
        </capMods>
      </li>
      <li>
        <label>low</label>
        <minSeverity>0.2</minSeverity>
        <capMods>
          <li>
            <capacity>Eating</capacity>
            <offset>0.2</offset>
          </li>
        </capMods>
      </li>
      <li>
        <label>Normal</label>
        <minSeverity>0.4</minSeverity>
        <capMods>
          <li>
            <capacity>Eating</capacity>
            <offset>0.4</offset>
          </li>
        </capMods>
      </li>
      <li>
        <label>High</label>
        <minSeverity>0.6</minSeverity>
        <capMods>
          <li>
            <capacity>Eating</capacity>
            <offset>0.8</offset>
          </li>
        </capMods>
      </li>
    </stages>
  </HediffDef>
  <HediffDef>
    <defName>LingFPS_Turtle_TaoZhuang</defName>
    <hediffClass>LingGame.Hediff_TaozhuangXiaoGuo</hediffClass>
    <isBad>false</isBad>
    <label>dark bone protection</label>
    <description>The effect of resonance between dark bone bionics can greatly improve the ability of dark bone bionic user.\nEvery five pieces of dark bone bionics installed, this resonance effect will increase by one level.</description>
    <maxSeverity>1.0</maxSeverity>
    <minSeverity>0.01</minSeverity>
    <initialSeverity>0.01</initialSeverity>
    <stages>
      <li>
        <label>lv.0</label>
		<statOffsets>
		  <ArmorRating_Sharp>0.01</ArmorRating_Sharp>
		  <ArmorRating_Blunt>0.01</ArmorRating_Blunt>
		  <ArmorRating_Heat>0.01</ArmorRating_Heat>
        </statOffsets>
      </li>
      <li>
        <minSeverity>0.2</minSeverity>
        <label>lv.1</label>
		<statOffsets>
		  <ArmorRating_Sharp>0.15</ArmorRating_Sharp>
		  <ArmorRating_Blunt>0.15</ArmorRating_Blunt>
		  <ArmorRating_Heat>0.15</ArmorRating_Heat>
        </statOffsets>
      </li>
      <li>
        <minSeverity>0.4</minSeverity>
        <label>lv.2</label>
		<statOffsets>
		  <ArmorRating_Sharp>0.3</ArmorRating_Sharp>
		  <ArmorRating_Blunt>0.3</ArmorRating_Blunt>
		  <ArmorRating_Heat>0.3</ArmorRating_Heat>
        </statOffsets>
      </li>
      <li>
        <minSeverity>0.6</minSeverity>
        <label>lv.3</label>
		<statOffsets>
		  <ArmorRating_Sharp>0.5</ArmorRating_Sharp>
		  <ArmorRating_Blunt>0.5</ArmorRating_Blunt>
		  <ArmorRating_Heat>0.5</ArmorRating_Heat>
        </statOffsets>
      </li>
      <li>
        <minSeverity>0.80</minSeverity>
        <label>lv.4</label>
		<statOffsets>
		  <ArmorRating_Sharp>0.7</ArmorRating_Sharp>
		  <ArmorRating_Blunt>0.7</ArmorRating_Blunt>
		  <ArmorRating_Heat>0.7</ArmorRating_Heat>
        </statOffsets>
      </li>
      <li>
        <minSeverity>1</minSeverity>
        <label>lv.5</label>
		<statOffsets>
		  <ArmorRating_Sharp>1.35</ArmorRating_Sharp>
		  <ArmorRating_Blunt>1.35</ArmorRating_Blunt>
		  <ArmorRating_Heat>1.35</ArmorRating_Heat>
        </statOffsets>
      </li>
      <li>
        <minSeverity>1.2</minSeverity>
        <label>lv.6</label>
		<statOffsets>
		  <ArmorRating_Sharp>2</ArmorRating_Sharp>
		  <ArmorRating_Blunt>2</ArmorRating_Blunt>
		  <ArmorRating_Heat>2</ArmorRating_Heat>
        </statOffsets>
      </li>
    </stages>
  </HediffDef>
</Defs>
