﻿<?xml version="1.0" encoding="utf-8" ?>
<Defs>

  <ThingDef Name="BodyPartLingFPSBase" ParentName="BodyPartArchotechBase" Abstract="True">
    <graphicData>
      <texPath>Things/Item/Health/HealthItem</texPath>
      <graphicClass>Graphic_Single</graphicClass>
      <drawSize>0.80</drawSize>
    </graphicData>
    <techLevel>Archotech</techLevel>
    <techHediffsTags>
      <li>Advanced</li>
    </techHediffsTags>
    <thingSetMakerTags>
      <li>RewardSpecial</li>
    </thingSetMakerTags>
  </ThingDef>

  <ThingDef ParentName="BodyPartLingFPSBase">
    <defName>LingFPS_Blank</defName>
    <label>plain white Module</label>
    <description>人为什么需要那么多无聊的能力,只要把基础的能力无限的增强,还有什么是得不到的呢?
	可以拆解以获得一个素白仿生模组,可以安装在人体提供一定的加成.</description>
    <descriptionHyperlinks>
	  <ThingDef>LingFPS_Blank_I</ThingDef>
	  <ThingDef>LingFPS_Blank_II</ThingDef>
	</descriptionHyperlinks>
    <statBases>
      <MarketValue>1100</MarketValue>
      <Mass>1</Mass>
    </statBases>
    <comps>
      <li Class="LingGame.ComppLingFPBFenJie">
        <ThingDefs>
			<li>LingFPS_Blank_I</li>
			<li>LingFPS_Blank_II</li>
		</ThingDefs>
      </li>
    </comps>
  </ThingDef>
  <ThingDef ParentName="BodyPartLingFPSBase">
    <defName>LingFPS_Blank_I</defName>
    <label>plain white Module(Skeleton)</label>
    <description>A plain white bionic that records Skeleton,Can be installed on the human body to provide certain capabilities for the human body.</description>
    <statBases>
      <MarketValue>1000</MarketValue>
      <Mass>1</Mass>
    </statBases>
  </ThingDef>
  <ThingDef ParentName="BodyPartLingFPSBase">
    <defName>LingFPS_Blank_II</defName>
    <label>plain white Module(Organ)</label>
    <description>A plain white bionic that records Organ,Can be installed on the human body to provide certain capabilities for the human body.</description>
    <statBases>
      <MarketValue>1000</MarketValue>
      <Mass>1</Mass>
    </statBases>
  </ThingDef>
  
  <ThingDef ParentName="BodyPartLingFPSBase">
    <defName>LingFPS_Blood</defName>
    <label>red blood Module</label>
    <description>人为什么需要那么多无聊的能力,只要把基础的能力无限的增强,还有什么是得不到的呢?
	可以拆解以获得一个素白仿生模组,可以安装在人体提供一定的加成.</description>
    <descriptionHyperlinks>
	  <ThingDef>LingFPS_Blood_I</ThingDef>
	  <ThingDef>LingFPS_Blood_II</ThingDef>
	</descriptionHyperlinks>
    <statBases>
      <MarketValue>1100</MarketValue>
      <Mass>1</Mass>
    </statBases>
    <comps>
      <li Class="LingGame.ComppLingFPBFenJie">
        <ThingDefs>
			<li>LingFPS_Blood_I</li>
			<li>LingFPS_Blood_II</li>
		</ThingDefs>
      </li>
    </comps>
  </ThingDef>
  <ThingDef ParentName="BodyPartLingFPSBase">
    <defName>LingFPS_Blood_I</defName>
    <label>red blood Module(Skeleton)</label>
    <description>A plain white bionic that records Skeleton,Can be installed on the human body to provide certain capabilities for the human body.</description>
    <statBases>
      <MarketValue>1000</MarketValue>
      <Mass>1</Mass>
    </statBases>
  </ThingDef>
  <ThingDef ParentName="BodyPartLingFPSBase">
    <defName>LingFPS_Blood_II</defName>
    <label>red blood Module(Organ)</label>
    <description>A plain white bionic that records Organ,Can be installed on the human body to provide certain capabilities for the human body.</description>
    <statBases>
      <MarketValue>1000</MarketValue>
      <Mass>1</Mass>
    </statBases>
  </ThingDef>

  <ThingDef ParentName="BodyPartLingFPSBase">
    <defName>LingFPS_Turtle</defName>
    <label>dark bone Module</label>
    <description>人为什么需要那么多无聊的能力,只要把基础的能力无限的增强,还有什么是得不到的呢?
	可以拆解以获得一个素白仿生模组,可以安装在人体提供一定的加成.</description>
    <descriptionHyperlinks>
	  <ThingDef>LingFPS_Turtle_I</ThingDef>
	  <ThingDef>LingFPS_Turtle_II</ThingDef>
	</descriptionHyperlinks>
    <statBases>
      <MarketValue>1100</MarketValue>
      <Mass>1</Mass>
    </statBases>
    <comps>
      <li Class="LingGame.ComppLingFPBFenJie">
        <ThingDefs>
			<li>LingFPS_Turtle_I</li>
			<li>LingFPS_Turtle_II</li>
		</ThingDefs>
      </li>
    </comps>
  </ThingDef>
  <ThingDef ParentName="BodyPartLingFPSBase">
    <defName>LingFPS_Turtle_I</defName>
    <label>dark bone Module(Skeleton)</label>
    <description>A dark bone bionic that records Skeleton,Can be installed on the human body to provide certain capabilities for the human body.</description>
    <statBases>
      <MarketValue>1000</MarketValue>
      <Mass>1</Mass>
    </statBases>
  </ThingDef>
  <ThingDef ParentName="BodyPartLingFPSBase">
    <defName>LingFPS_Turtle_II</defName>
    <label>dark bone Module(Organ)</label>
    <description>A dark bone bionic that records Organ,Can be installed on the human body to provide certain capabilities for the human body.</description>
    <statBases>
      <MarketValue>1000</MarketValue>
      <Mass>1</Mass>
    </statBases>
  </ThingDef>

  <RecipeDef Name="MakeBodyPartLingFPSBase" Abstract="True">
    <workSpeedStat>GeneralLaborSpeed</workSpeedStat>
    <effectWorking>Cook</effectWorking>
    <soundWorking>Recipe_Machining</soundWorking>
    <unfinishedThingDef>UnfinishedComponent</unfinishedThingDef>
    <skillRequirements>
      <Crafting>10</Crafting>
    </skillRequirements>
    <workSkill>Crafting</workSkill>
    <researchPrerequisite>ZeroTechFalsePastBionic</researchPrerequisite>
	<recipeUsers>
		<li>FabricationBench</li>
	</recipeUsers>
  </RecipeDef>
  <RecipeDef ParentName="MakeBodyPartLingFPSBase">
    <defName>MakeLingFPS_Blank</defName>
    <label>make plain white bionic pack</label>
    <descriptionHyperlinks>
	  <ThingDef>LingFPS_Blank</ThingDef>
	</descriptionHyperlinks>
    <description>make plain white bionic pack.</description>
    <jobString>make plain white bionic pack.</jobString>
    <workAmount>10000</workAmount>
    <ingredients>
      <li>
        <filter>
          <thingDefs>
            <li>ComponentSpacer</li>
          </thingDefs>
        </filter>
        <count>5</count>
      </li>
      <li>
        <filter>
          <thingDefs>
            <li>Plasteel</li>
          </thingDefs>
        </filter>
        <count>20</count>
      </li>
      <li>
        <filter>
          <thingDefs>
            <li>ComponentIndustrial</li>
          </thingDefs>
        </filter>
        <count>5</count>
      </li>
    </ingredients>
    <fixedIngredientFilter>
      <thingDefs>
        <li>ComponentSpacer</li>
        <li>Plasteel</li>
        <li>ComponentIndustrial</li>
      </thingDefs>
    </fixedIngredientFilter>
    <products>
      <LingFPS_Blank>1</LingFPS_Blank>
    </products>
  </RecipeDef>
  <RecipeDef ParentName="MakeBodyPartLingFPSBase">
    <defName>MakeLingFPS_Blood</defName>
    <label>make red blood bionic pack</label>
    <descriptionHyperlinks>
	  <ThingDef>LingFPS_Blood</ThingDef>
	</descriptionHyperlinks>
    <description>make red blood bionic pack.</description>
    <jobString>make red blood bionic pack.</jobString>
    <workAmount>10000</workAmount>
    <ingredients>
      <li>
        <filter>
          <thingDefs>
            <li>ComponentSpacer</li>
          </thingDefs>
        </filter>
        <count>5</count>
      </li>
      <li>
        <filter>
          <thingDefs>
            <li>Plasteel</li>
          </thingDefs>
        </filter>
        <count>20</count>
      </li>
      <li>
        <filter>
          <thingDefs>
            <li>ComponentIndustrial</li>
          </thingDefs>
        </filter>
        <count>5</count>
      </li>
    </ingredients>
    <fixedIngredientFilter>
      <thingDefs>
        <li>ComponentSpacer</li>
        <li>Plasteel</li>
        <li>ComponentIndustrial</li>
      </thingDefs>
    </fixedIngredientFilter>
    <products>
      <LingFPS_Blood>1</LingFPS_Blood>
    </products>
  </RecipeDef>
  <RecipeDef ParentName="MakeBodyPartLingFPSBase">
    <defName>MakeLingFPS_Turtle</defName>
    <label>make dark bone bionic pack</label>
    <descriptionHyperlinks>
	  <ThingDef>LingFPS_Turtle</ThingDef>
	</descriptionHyperlinks>
    <description>make dark bone bionic pack.</description>
    <jobString>make dark bone bionic pack.</jobString>
    <workAmount>10000</workAmount>
    <ingredients>
      <li>
        <filter>
          <thingDefs>
            <li>ComponentSpacer</li>
          </thingDefs>
        </filter>
        <count>5</count>
      </li>
      <li>
        <filter>
          <thingDefs>
            <li>Plasteel</li>
          </thingDefs>
        </filter>
        <count>20</count>
      </li>
      <li>
        <filter>
          <thingDefs>
            <li>ComponentIndustrial</li>
          </thingDefs>
        </filter>
        <count>5</count>
      </li>
    </ingredients>
    <fixedIngredientFilter>
      <thingDefs>
        <li>ComponentSpacer</li>
        <li>Plasteel</li>
        <li>ComponentIndustrial</li>
      </thingDefs>
    </fixedIngredientFilter>
    <products>
      <LingFPS_Turtle>1</LingFPS_Turtle>
    </products>
  </RecipeDef>

</Defs>
