﻿<?xml version="1.0" encoding="utf-8" ?>
<Defs>

  <RecipeDef Abstract="True" Name="LingFPSSurgeryFlesh">
    <effectWorking>Surgery</effectWorking>
    <soundWorking>Recipe_Surgery</soundWorking>
    <workSpeedStat>MedicalOperationSpeed</workSpeedStat>
    <workSkill>Medicine</workSkill>
    <workAmount>2400</workAmount>
    <workSkillLearnFactor>16</workSkillLearnFactor>
    <description>Install a bodypart.</description>
    <workerClass>Recipe_InstallArtificialBodyPart</workerClass>
    <jobString>in surgery.</jobString>
	<recipeUsers>
	  <li>Human</li>
	</recipeUsers>
  </RecipeDef>

  <RecipeDef ParentName="LingFPSSurgeryFlesh">
    <defName>installLingFPS_Blank_Brain</defName>
    <label>install plain white brain</label>
    <ingredients>
      <li>
        <filter>
          <categories>
            <li>Medicine</li>
          </categories>
        </filter>
        <count>1</count>
      </li>
      <li>
        <filter>
          <thingDefs>
            <li>LingFPS_Blank_II</li>
          </thingDefs>
        </filter>
        <count>1</count>
      </li>
    </ingredients>
    <fixedIngredientFilter>
      <categories>
        <li>Medicine</li>
      </categories>
      <thingDefs>
        <li>LingFPS_Blank_II</li>
      </thingDefs>
    </fixedIngredientFilter>
    <appliedOnFixedBodyParts>
      <li>Brain</li>
    </appliedOnFixedBodyParts>
    <addsHediff>LingFPS_Blank_Brain</addsHediff>
  </RecipeDef>
  <RecipeDef ParentName="LingFPSSurgeryFlesh">
    <defName>installLingFPS_Blank_Eye</defName>
    <label>install plain white eye</label>
    <ingredients>
      <li>
        <filter>
          <categories>
            <li>Medicine</li>
          </categories>
        </filter>
        <count>1</count>
      </li>
      <li>
        <filter>
          <thingDefs>
            <li>LingFPS_Blank_II</li>
          </thingDefs>
        </filter>
        <count>1</count>
      </li>
    </ingredients>
    <fixedIngredientFilter>
      <categories>
        <li>Medicine</li>
      </categories>
      <thingDefs>
        <li>LingFPS_Blank_II</li>
      </thingDefs>
    </fixedIngredientFilter>
    <appliedOnFixedBodyParts>
      <li>Eye</li>
    </appliedOnFixedBodyParts>
    <addsHediff>LingFPS_Blank_Eye</addsHediff>
  </RecipeDef>
  <RecipeDef ParentName="LingFPSSurgeryFlesh">
    <defName>installLingFPS_Blank_Ear</defName>
    <label>install plain white ear</label>
    <ingredients>
      <li>
        <filter>
          <categories>
            <li>Medicine</li>
          </categories>
        </filter>
        <count>1</count>
      </li>
      <li>
        <filter>
          <thingDefs>
            <li>LingFPS_Blank_II</li>
          </thingDefs>
        </filter>
        <count>1</count>
      </li>
    </ingredients>
    <fixedIngredientFilter>
      <categories>
        <li>Medicine</li>
      </categories>
      <thingDefs>
        <li>LingFPS_Blank_II</li>
      </thingDefs>
    </fixedIngredientFilter>
    <appliedOnFixedBodyParts>
      <li>Ear</li>
    </appliedOnFixedBodyParts>
    <addsHediff>LingFPS_Blank_Ear</addsHediff>
  </RecipeDef>
  <RecipeDef ParentName="LingFPSSurgeryFlesh">
    <defName>installLingFPS_Blank_Nose</defName>
    <label>install plain white nose</label>
    <ingredients>
      <li>
        <filter>
          <categories>
            <li>Medicine</li>
          </categories>
        </filter>
        <count>1</count>
      </li>
      <li>
        <filter>
          <thingDefs>
            <li>LingFPS_Blank_II</li>
          </thingDefs>
        </filter>
        <count>1</count>
      </li>
    </ingredients>
    <fixedIngredientFilter>
      <categories>
        <li>Medicine</li>
      </categories>
      <thingDefs>
        <li>LingFPS_Blank_II</li>
      </thingDefs>
    </fixedIngredientFilter>
    <appliedOnFixedBodyParts>
      <li>Nose</li>
    </appliedOnFixedBodyParts>
    <addsHediff>LingFPS_Blank_Nose</addsHediff>
  </RecipeDef>
  <RecipeDef ParentName="LingFPSSurgeryFlesh">
    <defName>installLingFPS_Blank_Jaw</defName>
    <label>install plain white Jaw</label>
    <ingredients>
      <li>
        <filter>
          <categories>
            <li>Medicine</li>
          </categories>
        </filter>
        <count>1</count>
      </li>
      <li>
        <filter>
          <thingDefs>
            <li>LingFPS_Blank_I</li>
          </thingDefs>
        </filter>
        <count>1</count>
      </li>
    </ingredients>
    <fixedIngredientFilter>
      <categories>
        <li>Medicine</li>
      </categories>
      <thingDefs>
        <li>LingFPS_Blank_I</li>
      </thingDefs>
    </fixedIngredientFilter>
    <appliedOnFixedBodyParts>
      <li>Jaw</li>
    </appliedOnFixedBodyParts>
    <addsHediff>LingFPS_Blank_Jaw</addsHediff>
  </RecipeDef>
  <RecipeDef ParentName="LingFPSSurgeryFlesh">
    <defName>installLingFPS_Blank_Spine</defName>
    <label>install plain white Spine</label>
    <ingredients>
      <li>
        <filter>
          <categories>
            <li>Medicine</li>
          </categories>
        </filter>
        <count>1</count>
      </li>
      <li>
        <filter>
          <thingDefs>
            <li>LingFPS_Blank_I</li>
          </thingDefs>
        </filter>
        <count>1</count>
      </li>
    </ingredients>
    <fixedIngredientFilter>
      <categories>
        <li>Medicine</li>
      </categories>
      <thingDefs>
        <li>LingFPS_Blank_I</li>
      </thingDefs>
    </fixedIngredientFilter>
    <appliedOnFixedBodyParts>
      <li>Spine</li>
    </appliedOnFixedBodyParts>
    <addsHediff>LingFPS_Blank_Spine</addsHediff>
  </RecipeDef>
  <RecipeDef ParentName="LingFPSSurgeryFlesh">
    <defName>installLingFPS_Blank_Sternum</defName>
    <label>install plain white Sternum</label>
    <ingredients>
      <li>
        <filter>
          <categories>
            <li>Medicine</li>
          </categories>
        </filter>
        <count>1</count>
      </li>
      <li>
        <filter>
          <thingDefs>
            <li>LingFPS_Blank_I</li>
          </thingDefs>
        </filter>
        <count>1</count>
      </li>
    </ingredients>
    <fixedIngredientFilter>
      <categories>
        <li>Medicine</li>
      </categories>
      <thingDefs>
        <li>LingFPS_Blank_I</li>
      </thingDefs>
    </fixedIngredientFilter>
    <appliedOnFixedBodyParts>
      <li>Sternum</li>
    </appliedOnFixedBodyParts>
    <addsHediff>LingFPS_Blank_Sternum</addsHediff>
  </RecipeDef>
  <RecipeDef ParentName="LingFPSSurgeryFlesh">
    <defName>installLingFPS_Blank_Clavicle</defName>
    <label>install plain white Clavicle</label>
    <ingredients>
      <li>
        <filter>
          <categories>
            <li>Medicine</li>
          </categories>
        </filter>
        <count>1</count>
      </li>
      <li>
        <filter>
          <thingDefs>
            <li>LingFPS_Blank_I</li>
          </thingDefs>
        </filter>
        <count>1</count>
      </li>
    </ingredients>
    <fixedIngredientFilter>
      <categories>
        <li>Medicine</li>
      </categories>
      <thingDefs>
        <li>LingFPS_Blank_I</li>
      </thingDefs>
    </fixedIngredientFilter>
    <appliedOnFixedBodyParts>
      <li>Clavicle</li>
    </appliedOnFixedBodyParts>
    <addsHediff>LingFPS_Blank_Clavicle</addsHediff>
  </RecipeDef>
  <RecipeDef ParentName="LingFPSSurgeryFlesh">
    <defName>installLingFPS_Blank_Pelvis</defName>
    <label>install plain white Pelvis</label>
    <ingredients>
      <li>
        <filter>
          <categories>
            <li>Medicine</li>
          </categories>
        </filter>
        <count>1</count>
      </li>
      <li>
        <filter>
          <thingDefs>
            <li>LingFPS_Blank_I</li>
          </thingDefs>
        </filter>
        <count>1</count>
      </li>
    </ingredients>
    <fixedIngredientFilter>
      <categories>
        <li>Medicine</li>
      </categories>
      <thingDefs>
        <li>LingFPS_Blank_I</li>
      </thingDefs>
    </fixedIngredientFilter>
    <appliedOnFixedBodyParts>
      <li>Pelvis</li>
    </appliedOnFixedBodyParts>
    <addsHediff>LingFPS_Blank_Pelvis</addsHediff>
  </RecipeDef>
  <RecipeDef ParentName="LingFPSSurgeryFlesh">
    <defName>installLingFPS_Blank_Humerus</defName>
    <label>install plain white Humerus</label>
    <ingredients>
      <li>
        <filter>
          <categories>
            <li>Medicine</li>
          </categories>
        </filter>
        <count>1</count>
      </li>
      <li>
        <filter>
          <thingDefs>
            <li>LingFPS_Blank_I</li>
          </thingDefs>
        </filter>
        <count>1</count>
      </li>
    </ingredients>
    <fixedIngredientFilter>
      <categories>
        <li>Medicine</li>
      </categories>
      <thingDefs>
        <li>LingFPS_Blank_I</li>
      </thingDefs>
    </fixedIngredientFilter>
    <appliedOnFixedBodyParts>
      <li>Humerus</li>
    </appliedOnFixedBodyParts>
    <addsHediff>LingFPS_Blank_Humerus</addsHediff>
  </RecipeDef>
  <RecipeDef ParentName="LingFPSSurgeryFlesh">
    <defName>installLingFPS_Blank_Radius</defName>
    <label>install plain white Radius</label>
    <ingredients>
      <li>
        <filter>
          <categories>
            <li>Medicine</li>
          </categories>
        </filter>
        <count>1</count>
      </li>
      <li>
        <filter>
          <thingDefs>
            <li>LingFPS_Blank_I</li>
          </thingDefs>
        </filter>
        <count>1</count>
      </li>
    </ingredients>
    <fixedIngredientFilter>
      <categories>
        <li>Medicine</li>
      </categories>
      <thingDefs>
        <li>LingFPS_Blank_I</li>
      </thingDefs>
    </fixedIngredientFilter>
    <appliedOnFixedBodyParts>
      <li>Radius</li>
    </appliedOnFixedBodyParts>
    <addsHediff>LingFPS_Blank_Radius</addsHediff>
  </RecipeDef>
  <RecipeDef ParentName="LingFPSSurgeryFlesh">
    <defName>installLingFPS_Blank_Hand</defName>
    <label>install plain white Hand</label>
    <ingredients>
      <li>
        <filter>
          <categories>
            <li>Medicine</li>
          </categories>
        </filter>
        <count>1</count>
      </li>
      <li>
        <filter>
          <thingDefs>
            <li>LingFPS_Blank_II</li>
          </thingDefs>
        </filter>
        <count>1</count>
      </li>
    </ingredients>
    <fixedIngredientFilter>
      <categories>
        <li>Medicine</li>
      </categories>
      <thingDefs>
        <li>LingFPS_Blank_II</li>
      </thingDefs>
    </fixedIngredientFilter>
    <appliedOnFixedBodyParts>
      <li>Hand</li>
    </appliedOnFixedBodyParts>
    <addsHediff>LingFPS_Blank_Hand</addsHediff>
  </RecipeDef>
  <RecipeDef ParentName="LingFPSSurgeryFlesh">
    <defName>installLingFPS_Blank_Femur</defName>
    <label>install plain white Femur</label>
    <ingredients>
      <li>
        <filter>
          <categories>
            <li>Medicine</li>
          </categories>
        </filter>
        <count>1</count>
      </li>
      <li>
        <filter>
          <thingDefs>
            <li>LingFPS_Blank_I</li>
          </thingDefs>
        </filter>
        <count>1</count>
      </li>
    </ingredients>
    <fixedIngredientFilter>
      <categories>
        <li>Medicine</li>
      </categories>
      <thingDefs>
        <li>LingFPS_Blank_I</li>
      </thingDefs>
    </fixedIngredientFilter>
    <appliedOnFixedBodyParts>
      <li>Femur</li>
    </appliedOnFixedBodyParts>
    <addsHediff>LingFPS_Blank_Femur</addsHediff>
  </RecipeDef>
  <RecipeDef ParentName="LingFPSSurgeryFlesh">
    <defName>installLingFPS_Blank_Tibia</defName>
    <label>install plain white Tibia</label>
    <ingredients>
      <li>
        <filter>
          <categories>
            <li>Medicine</li>
          </categories>
        </filter>
        <count>1</count>
      </li>
      <li>
        <filter>
          <thingDefs>
            <li>LingFPS_Blank_I</li>
          </thingDefs>
        </filter>
        <count>1</count>
      </li>
    </ingredients>
    <fixedIngredientFilter>
      <categories>
        <li>Medicine</li>
      </categories>
      <thingDefs>
        <li>LingFPS_Blank_I</li>
      </thingDefs>
    </fixedIngredientFilter>
    <appliedOnFixedBodyParts>
      <li>Tibia</li>
    </appliedOnFixedBodyParts>
    <addsHediff>LingFPS_Blank_Tibia</addsHediff>
  </RecipeDef>
  <RecipeDef ParentName="LingFPSSurgeryFlesh">
    <defName>installLingFPS_Blank_Foot</defName>
    <label>install plain white Foot</label>
    <ingredients>
      <li>
        <filter>
          <categories>
            <li>Medicine</li>
          </categories>
        </filter>
        <count>1</count>
      </li>
      <li>
        <filter>
          <thingDefs>
            <li>LingFPS_Blank_II</li>
          </thingDefs>
        </filter>
        <count>1</count>
      </li>
    </ingredients>
    <fixedIngredientFilter>
      <categories>
        <li>Medicine</li>
      </categories>
      <thingDefs>
        <li>LingFPS_Blank_II</li>
      </thingDefs>
    </fixedIngredientFilter>
    <appliedOnFixedBodyParts>
      <li>Foot</li>
    </appliedOnFixedBodyParts>
    <addsHediff>LingFPS_Blank_Foot</addsHediff>
  </RecipeDef>
  <RecipeDef ParentName="LingFPSSurgeryFlesh">
    <defName>installLingFPS_Blank_Heart</defName>
    <label>install plain white Heart</label>
    <ingredients>
      <li>
        <filter>
          <categories>
            <li>Medicine</li>
          </categories>
        </filter>
        <count>1</count>
      </li>
      <li>
        <filter>
          <thingDefs>
            <li>LingFPS_Blank_II</li>
          </thingDefs>
        </filter>
        <count>1</count>
      </li>
    </ingredients>
    <fixedIngredientFilter>
      <categories>
        <li>Medicine</li>
      </categories>
      <thingDefs>
        <li>LingFPS_Blank_II</li>
      </thingDefs>
    </fixedIngredientFilter>
    <appliedOnFixedBodyParts>
      <li>Heart</li>
    </appliedOnFixedBodyParts>
    <addsHediff>LingFPS_Blank_Heart</addsHediff>
  </RecipeDef>
  <RecipeDef ParentName="LingFPSSurgeryFlesh">
    <defName>installLingFPS_Blank_Kidney</defName>
    <label>install plain white Kidney</label>
    <ingredients>
      <li>
        <filter>
          <categories>
            <li>Medicine</li>
          </categories>
        </filter>
        <count>1</count>
      </li>
      <li>
        <filter>
          <thingDefs>
            <li>LingFPS_Blank_II</li>
          </thingDefs>
        </filter>
        <count>1</count>
      </li>
    </ingredients>
    <fixedIngredientFilter>
      <categories>
        <li>Medicine</li>
      </categories>
      <thingDefs>
        <li>LingFPS_Blank_II</li>
      </thingDefs>
    </fixedIngredientFilter>
    <appliedOnFixedBodyParts>
      <li>Kidney</li>
    </appliedOnFixedBodyParts>
    <addsHediff>LingFPS_Blank_Kidney</addsHediff>
  </RecipeDef>
  <RecipeDef ParentName="LingFPSSurgeryFlesh">
    <defName>installLingFPS_Blank_Liver</defName>
    <label>install plain white Liver</label>
    <ingredients>
      <li>
        <filter>
          <categories>
            <li>Medicine</li>
          </categories>
        </filter>
        <count>1</count>
      </li>
      <li>
        <filter>
          <thingDefs>
            <li>LingFPS_Blank_II</li>
          </thingDefs>
        </filter>
        <count>1</count>
      </li>
    </ingredients>
    <fixedIngredientFilter>
      <categories>
        <li>Medicine</li>
      </categories>
      <thingDefs>
        <li>LingFPS_Blank_II</li>
      </thingDefs>
    </fixedIngredientFilter>
    <appliedOnFixedBodyParts>
      <li>Liver</li>
    </appliedOnFixedBodyParts>
    <addsHediff>LingFPS_Blank_Liver</addsHediff>
  </RecipeDef>
  <RecipeDef ParentName="LingFPSSurgeryFlesh">
    <defName>installLingFPS_Blank_Lung</defName>
    <label>install plain white Lung</label>
    <ingredients>
      <li>
        <filter>
          <categories>
            <li>Medicine</li>
          </categories>
        </filter>
        <count>1</count>
      </li>
      <li>
        <filter>
          <thingDefs>
            <li>LingFPS_Blank_II</li>
          </thingDefs>
        </filter>
        <count>1</count>
      </li>
    </ingredients>
    <fixedIngredientFilter>
      <categories>
        <li>Medicine</li>
      </categories>
      <thingDefs>
        <li>LingFPS_Blank_II</li>
      </thingDefs>
    </fixedIngredientFilter>
    <appliedOnFixedBodyParts>
      <li>Lung</li>
    </appliedOnFixedBodyParts>
    <addsHediff>LingFPS_Blank_Lung</addsHediff>
  </RecipeDef>
  <RecipeDef ParentName="LingFPSSurgeryFlesh">
    <defName>installLingFPS_Blank_Stomach</defName>
    <label>install plain white Stomach</label>
    <ingredients>
      <li>
        <filter>
          <categories>
            <li>Medicine</li>
          </categories>
        </filter>
        <count>1</count>
      </li>
      <li>
        <filter>
          <thingDefs>
            <li>LingFPS_Blank_II</li>
          </thingDefs>
        </filter>
        <count>1</count>
      </li>
    </ingredients>
    <fixedIngredientFilter>
      <categories>
        <li>Medicine</li>
      </categories>
      <thingDefs>
        <li>LingFPS_Blank_II</li>
      </thingDefs>
    </fixedIngredientFilter>
    <appliedOnFixedBodyParts>
      <li>Stomach</li>
    </appliedOnFixedBodyParts>
    <addsHediff>LingFPS_Blank_Stomach</addsHediff>
  </RecipeDef>

  <RecipeDef ParentName="LingFPSSurgeryFlesh">
    <defName>installLingFPS_Blood_Brain</defName>
    <label>install plain white brain</label>
    <ingredients>
      <li>
        <filter>
          <categories>
            <li>Medicine</li>
          </categories>
        </filter>
        <count>1</count>
      </li>
      <li>
        <filter>
          <thingDefs>
            <li>LingFPS_Blood_II</li>
          </thingDefs>
        </filter>
        <count>1</count>
      </li>
    </ingredients>
    <fixedIngredientFilter>
      <categories>
        <li>Medicine</li>
      </categories>
      <thingDefs>
        <li>LingFPS_Blood_II</li>
      </thingDefs>
    </fixedIngredientFilter>
    <appliedOnFixedBodyParts>
      <li>Brain</li>
    </appliedOnFixedBodyParts>
    <addsHediff>LingFPS_Blood_Brain</addsHediff>
  </RecipeDef>
  <RecipeDef ParentName="LingFPSSurgeryFlesh">
    <defName>installLingFPS_Blood_Eye</defName>
    <label>install plain white eye</label>
    <ingredients>
      <li>
        <filter>
          <categories>
            <li>Medicine</li>
          </categories>
        </filter>
        <count>1</count>
      </li>
      <li>
        <filter>
          <thingDefs>
            <li>LingFPS_Blood_II</li>
          </thingDefs>
        </filter>
        <count>1</count>
      </li>
    </ingredients>
    <fixedIngredientFilter>
      <categories>
        <li>Medicine</li>
      </categories>
      <thingDefs>
        <li>LingFPS_Blood_II</li>
      </thingDefs>
    </fixedIngredientFilter>
    <appliedOnFixedBodyParts>
      <li>Eye</li>
    </appliedOnFixedBodyParts>
    <addsHediff>LingFPS_Blood_Eye</addsHediff>
  </RecipeDef>
  <RecipeDef ParentName="LingFPSSurgeryFlesh">
    <defName>installLingFPS_Blood_Ear</defName>
    <label>install plain white ear</label>
    <ingredients>
      <li>
        <filter>
          <categories>
            <li>Medicine</li>
          </categories>
        </filter>
        <count>1</count>
      </li>
      <li>
        <filter>
          <thingDefs>
            <li>LingFPS_Blood_II</li>
          </thingDefs>
        </filter>
        <count>1</count>
      </li>
    </ingredients>
    <fixedIngredientFilter>
      <categories>
        <li>Medicine</li>
      </categories>
      <thingDefs>
        <li>LingFPS_Blood_II</li>
      </thingDefs>
    </fixedIngredientFilter>
    <appliedOnFixedBodyParts>
      <li>Ear</li>
    </appliedOnFixedBodyParts>
    <addsHediff>LingFPS_Blood_Ear</addsHediff>
  </RecipeDef>
  <RecipeDef ParentName="LingFPSSurgeryFlesh">
    <defName>installLingFPS_Blood_Nose</defName>
    <label>install plain white nose</label>
    <ingredients>
      <li>
        <filter>
          <categories>
            <li>Medicine</li>
          </categories>
        </filter>
        <count>1</count>
      </li>
      <li>
        <filter>
          <thingDefs>
            <li>LingFPS_Blood_II</li>
          </thingDefs>
        </filter>
        <count>1</count>
      </li>
    </ingredients>
    <fixedIngredientFilter>
      <categories>
        <li>Medicine</li>
      </categories>
      <thingDefs>
        <li>LingFPS_Blood_II</li>
      </thingDefs>
    </fixedIngredientFilter>
    <appliedOnFixedBodyParts>
      <li>Nose</li>
    </appliedOnFixedBodyParts>
    <addsHediff>LingFPS_Blood_Nose</addsHediff>
  </RecipeDef>
  <RecipeDef ParentName="LingFPSSurgeryFlesh">
    <defName>installLingFPS_Blood_Jaw</defName>
    <label>install plain white Jaw</label>
    <ingredients>
      <li>
        <filter>
          <categories>
            <li>Medicine</li>
          </categories>
        </filter>
        <count>1</count>
      </li>
      <li>
        <filter>
          <thingDefs>
            <li>LingFPS_Blood_I</li>
          </thingDefs>
        </filter>
        <count>1</count>
      </li>
    </ingredients>
    <fixedIngredientFilter>
      <categories>
        <li>Medicine</li>
      </categories>
      <thingDefs>
        <li>LingFPS_Blood_I</li>
      </thingDefs>
    </fixedIngredientFilter>
    <appliedOnFixedBodyParts>
      <li>Jaw</li>
    </appliedOnFixedBodyParts>
    <addsHediff>LingFPS_Blood_Jaw</addsHediff>
  </RecipeDef>
  <RecipeDef ParentName="LingFPSSurgeryFlesh">
    <defName>installLingFPS_Blood_Spine</defName>
    <label>install plain white Spine</label>
    <ingredients>
      <li>
        <filter>
          <categories>
            <li>Medicine</li>
          </categories>
        </filter>
        <count>1</count>
      </li>
      <li>
        <filter>
          <thingDefs>
            <li>LingFPS_Blood_I</li>
          </thingDefs>
        </filter>
        <count>1</count>
      </li>
    </ingredients>
    <fixedIngredientFilter>
      <categories>
        <li>Medicine</li>
      </categories>
      <thingDefs>
        <li>LingFPS_Blood_I</li>
      </thingDefs>
    </fixedIngredientFilter>
    <appliedOnFixedBodyParts>
      <li>Spine</li>
    </appliedOnFixedBodyParts>
    <addsHediff>LingFPS_Blood_Spine</addsHediff>
  </RecipeDef>
  <RecipeDef ParentName="LingFPSSurgeryFlesh">
    <defName>installLingFPS_Blood_Sternum</defName>
    <label>install plain white Sternum</label>
    <ingredients>
      <li>
        <filter>
          <categories>
            <li>Medicine</li>
          </categories>
        </filter>
        <count>1</count>
      </li>
      <li>
        <filter>
          <thingDefs>
            <li>LingFPS_Blood_I</li>
          </thingDefs>
        </filter>
        <count>1</count>
      </li>
    </ingredients>
    <fixedIngredientFilter>
      <categories>
        <li>Medicine</li>
      </categories>
      <thingDefs>
        <li>LingFPS_Blood_I</li>
      </thingDefs>
    </fixedIngredientFilter>
    <appliedOnFixedBodyParts>
      <li>Sternum</li>
    </appliedOnFixedBodyParts>
    <addsHediff>LingFPS_Blood_Sternum</addsHediff>
  </RecipeDef>
  <RecipeDef ParentName="LingFPSSurgeryFlesh">
    <defName>installLingFPS_Blood_Clavicle</defName>
    <label>install plain white Clavicle</label>
    <ingredients>
      <li>
        <filter>
          <categories>
            <li>Medicine</li>
          </categories>
        </filter>
        <count>1</count>
      </li>
      <li>
        <filter>
          <thingDefs>
            <li>LingFPS_Blood_I</li>
          </thingDefs>
        </filter>
        <count>1</count>
      </li>
    </ingredients>
    <fixedIngredientFilter>
      <categories>
        <li>Medicine</li>
      </categories>
      <thingDefs>
        <li>LingFPS_Blood_I</li>
      </thingDefs>
    </fixedIngredientFilter>
    <appliedOnFixedBodyParts>
      <li>Clavicle</li>
    </appliedOnFixedBodyParts>
    <addsHediff>LingFPS_Blood_Clavicle</addsHediff>
  </RecipeDef>
  <RecipeDef ParentName="LingFPSSurgeryFlesh">
    <defName>installLingFPS_Blood_Pelvis</defName>
    <label>install plain white Pelvis</label>
    <ingredients>
      <li>
        <filter>
          <categories>
            <li>Medicine</li>
          </categories>
        </filter>
        <count>1</count>
      </li>
      <li>
        <filter>
          <thingDefs>
            <li>LingFPS_Blood_I</li>
          </thingDefs>
        </filter>
        <count>1</count>
      </li>
    </ingredients>
    <fixedIngredientFilter>
      <categories>
        <li>Medicine</li>
      </categories>
      <thingDefs>
        <li>LingFPS_Blood_I</li>
      </thingDefs>
    </fixedIngredientFilter>
    <appliedOnFixedBodyParts>
      <li>Pelvis</li>
    </appliedOnFixedBodyParts>
    <addsHediff>LingFPS_Blood_Pelvis</addsHediff>
  </RecipeDef>
  <RecipeDef ParentName="LingFPSSurgeryFlesh">
    <defName>installLingFPS_Blood_Humerus</defName>
    <label>install plain white Humerus</label>
    <ingredients>
      <li>
        <filter>
          <categories>
            <li>Medicine</li>
          </categories>
        </filter>
        <count>1</count>
      </li>
      <li>
        <filter>
          <thingDefs>
            <li>LingFPS_Blood_I</li>
          </thingDefs>
        </filter>
        <count>1</count>
      </li>
    </ingredients>
    <fixedIngredientFilter>
      <categories>
        <li>Medicine</li>
      </categories>
      <thingDefs>
        <li>LingFPS_Blood_I</li>
      </thingDefs>
    </fixedIngredientFilter>
    <appliedOnFixedBodyParts>
      <li>Humerus</li>
    </appliedOnFixedBodyParts>
    <addsHediff>LingFPS_Blood_Humerus</addsHediff>
  </RecipeDef>
  <RecipeDef ParentName="LingFPSSurgeryFlesh">
    <defName>installLingFPS_Blood_Radius</defName>
    <label>install plain white Radius</label>
    <ingredients>
      <li>
        <filter>
          <categories>
            <li>Medicine</li>
          </categories>
        </filter>
        <count>1</count>
      </li>
      <li>
        <filter>
          <thingDefs>
            <li>LingFPS_Blood_I</li>
          </thingDefs>
        </filter>
        <count>1</count>
      </li>
    </ingredients>
    <fixedIngredientFilter>
      <categories>
        <li>Medicine</li>
      </categories>
      <thingDefs>
        <li>LingFPS_Blood_I</li>
      </thingDefs>
    </fixedIngredientFilter>
    <appliedOnFixedBodyParts>
      <li>Radius</li>
    </appliedOnFixedBodyParts>
    <addsHediff>LingFPS_Blood_Radius</addsHediff>
  </RecipeDef>
  <RecipeDef ParentName="LingFPSSurgeryFlesh">
    <defName>installLingFPS_Blood_Hand</defName>
    <label>install plain white Hand</label>
    <ingredients>
      <li>
        <filter>
          <categories>
            <li>Medicine</li>
          </categories>
        </filter>
        <count>1</count>
      </li>
      <li>
        <filter>
          <thingDefs>
            <li>LingFPS_Blood_II</li>
          </thingDefs>
        </filter>
        <count>1</count>
      </li>
    </ingredients>
    <fixedIngredientFilter>
      <categories>
        <li>Medicine</li>
      </categories>
      <thingDefs>
        <li>LingFPS_Blood_II</li>
      </thingDefs>
    </fixedIngredientFilter>
    <appliedOnFixedBodyParts>
      <li>Hand</li>
    </appliedOnFixedBodyParts>
    <addsHediff>LingFPS_Blood_Hand</addsHediff>
  </RecipeDef>
  <RecipeDef ParentName="LingFPSSurgeryFlesh">
    <defName>installLingFPS_Blood_Femur</defName>
    <label>install plain white Femur</label>
    <ingredients>
      <li>
        <filter>
          <categories>
            <li>Medicine</li>
          </categories>
        </filter>
        <count>1</count>
      </li>
      <li>
        <filter>
          <thingDefs>
            <li>LingFPS_Blood_I</li>
          </thingDefs>
        </filter>
        <count>1</count>
      </li>
    </ingredients>
    <fixedIngredientFilter>
      <categories>
        <li>Medicine</li>
      </categories>
      <thingDefs>
        <li>LingFPS_Blood_I</li>
      </thingDefs>
    </fixedIngredientFilter>
    <appliedOnFixedBodyParts>
      <li>Femur</li>
    </appliedOnFixedBodyParts>
    <addsHediff>LingFPS_Blood_Femur</addsHediff>
  </RecipeDef>
  <RecipeDef ParentName="LingFPSSurgeryFlesh">
    <defName>installLingFPS_Blood_Tibia</defName>
    <label>install plain white Tibia</label>
    <ingredients>
      <li>
        <filter>
          <categories>
            <li>Medicine</li>
          </categories>
        </filter>
        <count>1</count>
      </li>
      <li>
        <filter>
          <thingDefs>
            <li>LingFPS_Blood_I</li>
          </thingDefs>
        </filter>
        <count>1</count>
      </li>
    </ingredients>
    <fixedIngredientFilter>
      <categories>
        <li>Medicine</li>
      </categories>
      <thingDefs>
        <li>LingFPS_Blood_I</li>
      </thingDefs>
    </fixedIngredientFilter>
    <appliedOnFixedBodyParts>
      <li>Tibia</li>
    </appliedOnFixedBodyParts>
    <addsHediff>LingFPS_Blood_Tibia</addsHediff>
  </RecipeDef>
  <RecipeDef ParentName="LingFPSSurgeryFlesh">
    <defName>installLingFPS_Blood_Foot</defName>
    <label>install plain white Foot</label>
    <ingredients>
      <li>
        <filter>
          <categories>
            <li>Medicine</li>
          </categories>
        </filter>
        <count>1</count>
      </li>
      <li>
        <filter>
          <thingDefs>
            <li>LingFPS_Blood_II</li>
          </thingDefs>
        </filter>
        <count>1</count>
      </li>
    </ingredients>
    <fixedIngredientFilter>
      <categories>
        <li>Medicine</li>
      </categories>
      <thingDefs>
        <li>LingFPS_Blood_II</li>
      </thingDefs>
    </fixedIngredientFilter>
    <appliedOnFixedBodyParts>
      <li>Foot</li>
    </appliedOnFixedBodyParts>
    <addsHediff>LingFPS_Blood_Foot</addsHediff>
  </RecipeDef>
  <RecipeDef ParentName="LingFPSSurgeryFlesh">
    <defName>installLingFPS_Blood_Heart</defName>
    <label>install plain white Heart</label>
    <ingredients>
      <li>
        <filter>
          <categories>
            <li>Medicine</li>
          </categories>
        </filter>
        <count>1</count>
      </li>
      <li>
        <filter>
          <thingDefs>
            <li>LingFPS_Blood_II</li>
          </thingDefs>
        </filter>
        <count>1</count>
      </li>
    </ingredients>
    <fixedIngredientFilter>
      <categories>
        <li>Medicine</li>
      </categories>
      <thingDefs>
        <li>LingFPS_Blood_II</li>
      </thingDefs>
    </fixedIngredientFilter>
    <appliedOnFixedBodyParts>
      <li>Heart</li>
    </appliedOnFixedBodyParts>
    <addsHediff>LingFPS_Blood_Heart</addsHediff>
  </RecipeDef>
  <RecipeDef ParentName="LingFPSSurgeryFlesh">
    <defName>installLingFPS_Blood_Kidney</defName>
    <label>install plain white Kidney</label>
    <ingredients>
      <li>
        <filter>
          <categories>
            <li>Medicine</li>
          </categories>
        </filter>
        <count>1</count>
      </li>
      <li>
        <filter>
          <thingDefs>
            <li>LingFPS_Blood_II</li>
          </thingDefs>
        </filter>
        <count>1</count>
      </li>
    </ingredients>
    <fixedIngredientFilter>
      <categories>
        <li>Medicine</li>
      </categories>
      <thingDefs>
        <li>LingFPS_Blood_II</li>
      </thingDefs>
    </fixedIngredientFilter>
    <appliedOnFixedBodyParts>
      <li>Kidney</li>
    </appliedOnFixedBodyParts>
    <addsHediff>LingFPS_Blood_Kidney</addsHediff>
  </RecipeDef>
  <RecipeDef ParentName="LingFPSSurgeryFlesh">
    <defName>installLingFPS_Blood_Liver</defName>
    <label>install plain white Liver</label>
    <ingredients>
      <li>
        <filter>
          <categories>
            <li>Medicine</li>
          </categories>
        </filter>
        <count>1</count>
      </li>
      <li>
        <filter>
          <thingDefs>
            <li>LingFPS_Blood_II</li>
          </thingDefs>
        </filter>
        <count>1</count>
      </li>
    </ingredients>
    <fixedIngredientFilter>
      <categories>
        <li>Medicine</li>
      </categories>
      <thingDefs>
        <li>LingFPS_Blood_II</li>
      </thingDefs>
    </fixedIngredientFilter>
    <appliedOnFixedBodyParts>
      <li>Liver</li>
    </appliedOnFixedBodyParts>
    <addsHediff>LingFPS_Blood_Liver</addsHediff>
  </RecipeDef>
  <RecipeDef ParentName="LingFPSSurgeryFlesh">
    <defName>installLingFPS_Blood_Lung</defName>
    <label>install plain white Lung</label>
    <ingredients>
      <li>
        <filter>
          <categories>
            <li>Medicine</li>
          </categories>
        </filter>
        <count>1</count>
      </li>
      <li>
        <filter>
          <thingDefs>
            <li>LingFPS_Blood_II</li>
          </thingDefs>
        </filter>
        <count>1</count>
      </li>
    </ingredients>
    <fixedIngredientFilter>
      <categories>
        <li>Medicine</li>
      </categories>
      <thingDefs>
        <li>LingFPS_Blood_II</li>
      </thingDefs>
    </fixedIngredientFilter>
    <appliedOnFixedBodyParts>
      <li>Lung</li>
    </appliedOnFixedBodyParts>
    <addsHediff>LingFPS_Blood_Lung</addsHediff>
  </RecipeDef>
  <RecipeDef ParentName="LingFPSSurgeryFlesh">
    <defName>installLingFPS_Blood_Stomach</defName>
    <label>install plain white Stomach</label>
    <ingredients>
      <li>
        <filter>
          <categories>
            <li>Medicine</li>
          </categories>
        </filter>
        <count>1</count>
      </li>
      <li>
        <filter>
          <thingDefs>
            <li>LingFPS_Blood_II</li>
          </thingDefs>
        </filter>
        <count>1</count>
      </li>
    </ingredients>
    <fixedIngredientFilter>
      <categories>
        <li>Medicine</li>
      </categories>
      <thingDefs>
        <li>LingFPS_Blood_II</li>
      </thingDefs>
    </fixedIngredientFilter>
    <appliedOnFixedBodyParts>
      <li>Stomach</li>
    </appliedOnFixedBodyParts>
    <addsHediff>LingFPS_Blood_Stomach</addsHediff>
  </RecipeDef>

  <RecipeDef ParentName="LingFPSSurgeryFlesh">
    <defName>installLingFPS_Turtle_Brain</defName>
    <label>install dark bone brain</label>
    <ingredients>
      <li>
        <filter>
          <categories>
            <li>Medicine</li>
          </categories>
        </filter>
        <count>1</count>
      </li>
      <li>
        <filter>
          <thingDefs>
            <li>LingFPS_Turtle_II</li>
          </thingDefs>
        </filter>
        <count>1</count>
      </li>
    </ingredients>
    <fixedIngredientFilter>
      <categories>
        <li>Medicine</li>
      </categories>
      <thingDefs>
        <li>LingFPS_Turtle_II</li>
      </thingDefs>
    </fixedIngredientFilter>
    <appliedOnFixedBodyParts>
      <li>Brain</li>
    </appliedOnFixedBodyParts>
    <addsHediff>LingFPS_Turtle_Brain</addsHediff>
  </RecipeDef>
  <RecipeDef ParentName="LingFPSSurgeryFlesh">
    <defName>installLingFPS_Turtle_Eye</defName>
    <label>install dark bone eye</label>
    <ingredients>
      <li>
        <filter>
          <categories>
            <li>Medicine</li>
          </categories>
        </filter>
        <count>1</count>
      </li>
      <li>
        <filter>
          <thingDefs>
            <li>LingFPS_Turtle_II</li>
          </thingDefs>
        </filter>
        <count>1</count>
      </li>
    </ingredients>
    <fixedIngredientFilter>
      <categories>
        <li>Medicine</li>
      </categories>
      <thingDefs>
        <li>LingFPS_Turtle_II</li>
      </thingDefs>
    </fixedIngredientFilter>
    <appliedOnFixedBodyParts>
      <li>Eye</li>
    </appliedOnFixedBodyParts>
    <addsHediff>LingFPS_Turtle_Eye</addsHediff>
  </RecipeDef>
  <RecipeDef ParentName="LingFPSSurgeryFlesh">
    <defName>installLingFPS_Turtle_Ear</defName>
    <label>install dark bone ear</label>
    <ingredients>
      <li>
        <filter>
          <categories>
            <li>Medicine</li>
          </categories>
        </filter>
        <count>1</count>
      </li>
      <li>
        <filter>
          <thingDefs>
            <li>LingFPS_Turtle_II</li>
          </thingDefs>
        </filter>
        <count>1</count>
      </li>
    </ingredients>
    <fixedIngredientFilter>
      <categories>
        <li>Medicine</li>
      </categories>
      <thingDefs>
        <li>LingFPS_Turtle_II</li>
      </thingDefs>
    </fixedIngredientFilter>
    <appliedOnFixedBodyParts>
      <li>Ear</li>
    </appliedOnFixedBodyParts>
    <addsHediff>LingFPS_Turtle_Ear</addsHediff>
  </RecipeDef>
  <RecipeDef ParentName="LingFPSSurgeryFlesh">
    <defName>installLingFPS_Turtle_Nose</defName>
    <label>install dark bone nose</label>
    <ingredients>
      <li>
        <filter>
          <categories>
            <li>Medicine</li>
          </categories>
        </filter>
        <count>1</count>
      </li>
      <li>
        <filter>
          <thingDefs>
            <li>LingFPS_Turtle_II</li>
          </thingDefs>
        </filter>
        <count>1</count>
      </li>
    </ingredients>
    <fixedIngredientFilter>
      <categories>
        <li>Medicine</li>
      </categories>
      <thingDefs>
        <li>LingFPS_Turtle_II</li>
      </thingDefs>
    </fixedIngredientFilter>
    <appliedOnFixedBodyParts>
      <li>Nose</li>
    </appliedOnFixedBodyParts>
    <addsHediff>LingFPS_Turtle_Nose</addsHediff>
  </RecipeDef>
  <RecipeDef ParentName="LingFPSSurgeryFlesh">
    <defName>installLingFPS_Turtle_Jaw</defName>
    <label>install dark bone Jaw</label>
    <ingredients>
      <li>
        <filter>
          <categories>
            <li>Medicine</li>
          </categories>
        </filter>
        <count>1</count>
      </li>
      <li>
        <filter>
          <thingDefs>
            <li>LingFPS_Turtle_I</li>
          </thingDefs>
        </filter>
        <count>1</count>
      </li>
    </ingredients>
    <fixedIngredientFilter>
      <categories>
        <li>Medicine</li>
      </categories>
      <thingDefs>
        <li>LingFPS_Turtle_I</li>
      </thingDefs>
    </fixedIngredientFilter>
    <appliedOnFixedBodyParts>
      <li>Jaw</li>
    </appliedOnFixedBodyParts>
    <addsHediff>LingFPS_Turtle_Jaw</addsHediff>
  </RecipeDef>
  <RecipeDef ParentName="LingFPSSurgeryFlesh">
    <defName>installLingFPS_Turtle_Spine</defName>
    <label>install dark bone Spine</label>
    <ingredients>
      <li>
        <filter>
          <categories>
            <li>Medicine</li>
          </categories>
        </filter>
        <count>1</count>
      </li>
      <li>
        <filter>
          <thingDefs>
            <li>LingFPS_Turtle_I</li>
          </thingDefs>
        </filter>
        <count>1</count>
      </li>
    </ingredients>
    <fixedIngredientFilter>
      <categories>
        <li>Medicine</li>
      </categories>
      <thingDefs>
        <li>LingFPS_Turtle_I</li>
      </thingDefs>
    </fixedIngredientFilter>
    <appliedOnFixedBodyParts>
      <li>Spine</li>
    </appliedOnFixedBodyParts>
    <addsHediff>LingFPS_Turtle_Spine</addsHediff>
  </RecipeDef>
  <RecipeDef ParentName="LingFPSSurgeryFlesh">
    <defName>installLingFPS_Turtle_Sternum</defName>
    <label>install dark bone Sternum</label>
    <ingredients>
      <li>
        <filter>
          <categories>
            <li>Medicine</li>
          </categories>
        </filter>
        <count>1</count>
      </li>
      <li>
        <filter>
          <thingDefs>
            <li>LingFPS_Turtle_I</li>
          </thingDefs>
        </filter>
        <count>1</count>
      </li>
    </ingredients>
    <fixedIngredientFilter>
      <categories>
        <li>Medicine</li>
      </categories>
      <thingDefs>
        <li>LingFPS_Turtle_I</li>
      </thingDefs>
    </fixedIngredientFilter>
    <appliedOnFixedBodyParts>
      <li>Sternum</li>
    </appliedOnFixedBodyParts>
    <addsHediff>LingFPS_Turtle_Sternum</addsHediff>
  </RecipeDef>
  <RecipeDef ParentName="LingFPSSurgeryFlesh">
    <defName>installLingFPS_Turtle_Clavicle</defName>
    <label>install dark bone Clavicle</label>
    <ingredients>
      <li>
        <filter>
          <categories>
            <li>Medicine</li>
          </categories>
        </filter>
        <count>1</count>
      </li>
      <li>
        <filter>
          <thingDefs>
            <li>LingFPS_Turtle_I</li>
          </thingDefs>
        </filter>
        <count>1</count>
      </li>
    </ingredients>
    <fixedIngredientFilter>
      <categories>
        <li>Medicine</li>
      </categories>
      <thingDefs>
        <li>LingFPS_Turtle_I</li>
      </thingDefs>
    </fixedIngredientFilter>
    <appliedOnFixedBodyParts>
      <li>Clavicle</li>
    </appliedOnFixedBodyParts>
    <addsHediff>LingFPS_Turtle_Clavicle</addsHediff>
  </RecipeDef>
  <RecipeDef ParentName="LingFPSSurgeryFlesh">
    <defName>installLingFPS_Turtle_Pelvis</defName>
    <label>install dark bone Pelvis</label>
    <ingredients>
      <li>
        <filter>
          <categories>
            <li>Medicine</li>
          </categories>
        </filter>
        <count>1</count>
      </li>
      <li>
        <filter>
          <thingDefs>
            <li>LingFPS_Turtle_I</li>
          </thingDefs>
        </filter>
        <count>1</count>
      </li>
    </ingredients>
    <fixedIngredientFilter>
      <categories>
        <li>Medicine</li>
      </categories>
      <thingDefs>
        <li>LingFPS_Turtle_I</li>
      </thingDefs>
    </fixedIngredientFilter>
    <appliedOnFixedBodyParts>
      <li>Pelvis</li>
    </appliedOnFixedBodyParts>
    <addsHediff>LingFPS_Turtle_Pelvis</addsHediff>
  </RecipeDef>
  <RecipeDef ParentName="LingFPSSurgeryFlesh">
    <defName>installLingFPS_Turtle_Humerus</defName>
    <label>install dark bone Humerus</label>
    <ingredients>
      <li>
        <filter>
          <categories>
            <li>Medicine</li>
          </categories>
        </filter>
        <count>1</count>
      </li>
      <li>
        <filter>
          <thingDefs>
            <li>LingFPS_Turtle_I</li>
          </thingDefs>
        </filter>
        <count>1</count>
      </li>
    </ingredients>
    <fixedIngredientFilter>
      <categories>
        <li>Medicine</li>
      </categories>
      <thingDefs>
        <li>LingFPS_Turtle_I</li>
      </thingDefs>
    </fixedIngredientFilter>
    <appliedOnFixedBodyParts>
      <li>Humerus</li>
    </appliedOnFixedBodyParts>
    <addsHediff>LingFPS_Turtle_Humerus</addsHediff>
  </RecipeDef>
  <RecipeDef ParentName="LingFPSSurgeryFlesh">
    <defName>installLingFPS_Turtle_Radius</defName>
    <label>install dark bone Radius</label>
    <ingredients>
      <li>
        <filter>
          <categories>
            <li>Medicine</li>
          </categories>
        </filter>
        <count>1</count>
      </li>
      <li>
        <filter>
          <thingDefs>
            <li>LingFPS_Turtle_I</li>
          </thingDefs>
        </filter>
        <count>1</count>
      </li>
    </ingredients>
    <fixedIngredientFilter>
      <categories>
        <li>Medicine</li>
      </categories>
      <thingDefs>
        <li>LingFPS_Turtle_I</li>
      </thingDefs>
    </fixedIngredientFilter>
    <appliedOnFixedBodyParts>
      <li>Radius</li>
    </appliedOnFixedBodyParts>
    <addsHediff>LingFPS_Turtle_Radius</addsHediff>
  </RecipeDef>
  <RecipeDef ParentName="LingFPSSurgeryFlesh">
    <defName>installLingFPS_Turtle_Hand</defName>
    <label>install dark bone Hand</label>
    <ingredients>
      <li>
        <filter>
          <categories>
            <li>Medicine</li>
          </categories>
        </filter>
        <count>1</count>
      </li>
      <li>
        <filter>
          <thingDefs>
            <li>LingFPS_Turtle_II</li>
          </thingDefs>
        </filter>
        <count>1</count>
      </li>
    </ingredients>
    <fixedIngredientFilter>
      <categories>
        <li>Medicine</li>
      </categories>
      <thingDefs>
        <li>LingFPS_Turtle_II</li>
      </thingDefs>
    </fixedIngredientFilter>
    <appliedOnFixedBodyParts>
      <li>Hand</li>
    </appliedOnFixedBodyParts>
    <addsHediff>LingFPS_Turtle_Hand</addsHediff>
  </RecipeDef>
  <RecipeDef ParentName="LingFPSSurgeryFlesh">
    <defName>installLingFPS_Turtle_Femur</defName>
    <label>install dark bone Femur</label>
    <ingredients>
      <li>
        <filter>
          <categories>
            <li>Medicine</li>
          </categories>
        </filter>
        <count>1</count>
      </li>
      <li>
        <filter>
          <thingDefs>
            <li>LingFPS_Turtle_I</li>
          </thingDefs>
        </filter>
        <count>1</count>
      </li>
    </ingredients>
    <fixedIngredientFilter>
      <categories>
        <li>Medicine</li>
      </categories>
      <thingDefs>
        <li>LingFPS_Turtle_I</li>
      </thingDefs>
    </fixedIngredientFilter>
    <appliedOnFixedBodyParts>
      <li>Femur</li>
    </appliedOnFixedBodyParts>
    <addsHediff>LingFPS_Turtle_Femur</addsHediff>
  </RecipeDef>
  <RecipeDef ParentName="LingFPSSurgeryFlesh">
    <defName>installLingFPS_Turtle_Tibia</defName>
    <label>install dark bone Tibia</label>
    <ingredients>
      <li>
        <filter>
          <categories>
            <li>Medicine</li>
          </categories>
        </filter>
        <count>1</count>
      </li>
      <li>
        <filter>
          <thingDefs>
            <li>LingFPS_Turtle_I</li>
          </thingDefs>
        </filter>
        <count>1</count>
      </li>
    </ingredients>
    <fixedIngredientFilter>
      <categories>
        <li>Medicine</li>
      </categories>
      <thingDefs>
        <li>LingFPS_Turtle_I</li>
      </thingDefs>
    </fixedIngredientFilter>
    <appliedOnFixedBodyParts>
      <li>Tibia</li>
    </appliedOnFixedBodyParts>
    <addsHediff>LingFPS_Turtle_Tibia</addsHediff>
  </RecipeDef>
  <RecipeDef ParentName="LingFPSSurgeryFlesh">
    <defName>installLingFPS_Turtle_Foot</defName>
    <label>install dark bone Foot</label>
    <ingredients>
      <li>
        <filter>
          <categories>
            <li>Medicine</li>
          </categories>
        </filter>
        <count>1</count>
      </li>
      <li>
        <filter>
          <thingDefs>
            <li>LingFPS_Turtle_II</li>
          </thingDefs>
        </filter>
        <count>1</count>
      </li>
    </ingredients>
    <fixedIngredientFilter>
      <categories>
        <li>Medicine</li>
      </categories>
      <thingDefs>
        <li>LingFPS_Turtle_II</li>
      </thingDefs>
    </fixedIngredientFilter>
    <appliedOnFixedBodyParts>
      <li>Foot</li>
    </appliedOnFixedBodyParts>
    <addsHediff>LingFPS_Turtle_Foot</addsHediff>
  </RecipeDef>
  <RecipeDef ParentName="LingFPSSurgeryFlesh">
    <defName>installLingFPS_Turtle_Heart</defName>
    <label>install dark bone Heart</label>
    <ingredients>
      <li>
        <filter>
          <categories>
            <li>Medicine</li>
          </categories>
        </filter>
        <count>1</count>
      </li>
      <li>
        <filter>
          <thingDefs>
            <li>LingFPS_Turtle_II</li>
          </thingDefs>
        </filter>
        <count>1</count>
      </li>
    </ingredients>
    <fixedIngredientFilter>
      <categories>
        <li>Medicine</li>
      </categories>
      <thingDefs>
        <li>LingFPS_Turtle_II</li>
      </thingDefs>
    </fixedIngredientFilter>
    <appliedOnFixedBodyParts>
      <li>Heart</li>
    </appliedOnFixedBodyParts>
    <addsHediff>LingFPS_Turtle_Heart</addsHediff>
  </RecipeDef>
  <RecipeDef ParentName="LingFPSSurgeryFlesh">
    <defName>installLingFPS_Turtle_Kidney</defName>
    <label>install dark bone Kidney</label>
    <ingredients>
      <li>
        <filter>
          <categories>
            <li>Medicine</li>
          </categories>
        </filter>
        <count>1</count>
      </li>
      <li>
        <filter>
          <thingDefs>
            <li>LingFPS_Turtle_II</li>
          </thingDefs>
        </filter>
        <count>1</count>
      </li>
    </ingredients>
    <fixedIngredientFilter>
      <categories>
        <li>Medicine</li>
      </categories>
      <thingDefs>
        <li>LingFPS_Turtle_II</li>
      </thingDefs>
    </fixedIngredientFilter>
    <appliedOnFixedBodyParts>
      <li>Kidney</li>
    </appliedOnFixedBodyParts>
    <addsHediff>LingFPS_Turtle_Kidney</addsHediff>
  </RecipeDef>
  <RecipeDef ParentName="LingFPSSurgeryFlesh">
    <defName>installLingFPS_Turtle_Liver</defName>
    <label>install dark bone Liver</label>
    <ingredients>
      <li>
        <filter>
          <categories>
            <li>Medicine</li>
          </categories>
        </filter>
        <count>1</count>
      </li>
      <li>
        <filter>
          <thingDefs>
            <li>LingFPS_Turtle_II</li>
          </thingDefs>
        </filter>
        <count>1</count>
      </li>
    </ingredients>
    <fixedIngredientFilter>
      <categories>
        <li>Medicine</li>
      </categories>
      <thingDefs>
        <li>LingFPS_Turtle_II</li>
      </thingDefs>
    </fixedIngredientFilter>
    <appliedOnFixedBodyParts>
      <li>Liver</li>
    </appliedOnFixedBodyParts>
    <addsHediff>LingFPS_Turtle_Liver</addsHediff>
  </RecipeDef>
  <RecipeDef ParentName="LingFPSSurgeryFlesh">
    <defName>installLingFPS_Turtle_Lung</defName>
    <label>install dark bone Lung</label>
    <ingredients>
      <li>
        <filter>
          <categories>
            <li>Medicine</li>
          </categories>
        </filter>
        <count>1</count>
      </li>
      <li>
        <filter>
          <thingDefs>
            <li>LingFPS_Turtle_II</li>
          </thingDefs>
        </filter>
        <count>1</count>
      </li>
    </ingredients>
    <fixedIngredientFilter>
      <categories>
        <li>Medicine</li>
      </categories>
      <thingDefs>
        <li>LingFPS_Turtle_II</li>
      </thingDefs>
    </fixedIngredientFilter>
    <appliedOnFixedBodyParts>
      <li>Lung</li>
    </appliedOnFixedBodyParts>
    <addsHediff>LingFPS_Turtle_Lung</addsHediff>
  </RecipeDef>
  <RecipeDef ParentName="LingFPSSurgeryFlesh">
    <defName>installLingFPS_Turtle_Stomach</defName>
    <label>install dark bone Stomach</label>
    <ingredients>
      <li>
        <filter>
          <categories>
            <li>Medicine</li>
          </categories>
        </filter>
        <count>1</count>
      </li>
      <li>
        <filter>
          <thingDefs>
            <li>LingFPS_Turtle_II</li>
          </thingDefs>
        </filter>
        <count>1</count>
      </li>
    </ingredients>
    <fixedIngredientFilter>
      <categories>
        <li>Medicine</li>
      </categories>
      <thingDefs>
        <li>LingFPS_Turtle_II</li>
      </thingDefs>
    </fixedIngredientFilter>
    <appliedOnFixedBodyParts>
      <li>Stomach</li>
    </appliedOnFixedBodyParts>
    <addsHediff>LingFPS_Turtle_Stomach</addsHediff>
  </RecipeDef>

</Defs>
