﻿<?xml version="1.0" encoding="UTF-8"?>
<ModMetaData>
	<name>ZeroTech-FalseLast-Binoic</name>
	<author>LingLuo</author>
	<supportedVersions>
		<li>1.1</li>
		<li>1.2</li>
	</supportedVersions>
<packageId>LingLuo.ZeroTechFB</packageId>
	<description>零子科技-否定过去-仿生拓展包
	个体的力量永远是弱小的,只有集中所有的存在,才能拥有最强大的力量.
	物品简介
	同类安装可获得套装效果的仿生组
	  素白仿生组:单体能力随时间增强,套装效果倍乘安装者的意识
	  赤血仿生组:单体能力随杀戮增强,增强安装者的战斗能力
	  冥骨仿生组:单体能力随挨打增强,增强安装者的防御能力
	</description>
	<modDependencies>
		<li>
			<packageId>LingLuo.ZeroTechCore</packageId>
			<displayName>ZeroTechCore</displayName>
			<downloadUrl>https://www.baidu.com</downloadUrl>
		</li>
	</modDependencies>
	<loadAfter>
		<li>LingLuo.ZeroTechCore</li>
	</loadAfter>
</ModMetaData>
